"number","name","earnings","gold","silver","bronze","s-tier"
1,"Faker","$1,463,111",18,9,3,16
2,"Duke","$1,151,427",10,2,5,8
3,"Bang","$1,057,318",9,5,2,9
4,"Wolf","$1,053,271",9,7,1,9
5,"Bengi","$926,920",9,1,3,8
6,"JackeyLove","$841,011",9,3,2,5
7,"Rookie","$735,323",7,4,6,4
8,"CoreJJ","$706,170",8,7,2,3
9,"Ning","$696,766",5,3,4,3
10,"Baolan","$684,271",6,3,4,3
11,"TheShy","$682,222",5,3,3,3
12,"Xiaohu","$660,041",12,4,0,8
13,"Blank","$655,613",5,5,2,5
14,"Ruler","$628,323",6,6,3,1
15,"Karsa","$624,814",13,3,1,10
16,"Ambition","$596,773",8,6,3,2
17,"Uzi","$595,528",7,6,1,4
18,"Mata","$585,456",9,6,5,7
19,"Perkz","$563,179",13,6,3,12
20,"Caps","$562,821",11,3,4,9
21,"CuVee","$562,064",5,3,1,1
22,"Crown","$554,863",5,3,2,1
23,"Impact","$539,675",11,5,4,8
24,"Peanut","$531,497",5,12,1,4
25,"Mlxg","$510,811",8,3,0,6
26,"Ming","$486,466",11,3,0,6
27,"Rekkles","$475,372",9,11,6,5
28,"Jankos","$475,136",8,3,4,7
29,"Meiko","$450,561",11,3,3,7
30,"PawN","$448,344",8,4,5,5
31,"sOAZ","$446,848",12,11,2,6
32,"Letme","$428,568",7,2,0,5
33,"Clearlove","$423,836",11,3,2,9
34,"Wunder","$401,700",10,3,1,7
35,"Haru","$398,624",4,0,1,2
36,"PraY","$394,085",5,8,1,4
37,"Doinb","$391,769",3,8,5,3
38,"Hylissang","$379,579",6,11,3,4
39,"Huni","$379,348",5,5,5,4
40,"Scout","$378,005",8,2,3,6
41,"Khan","$377,235",8,6,1,7
42,"Jensen","$366,170",9,7,1,3
43,"Looper","$357,390",3,2,2,2
44,"GorillA","$356,840",4,10,1,3
45,"Broxah","$353,940",6,3,4,4
46,"Bwipo","$340,941",5,5,1,4
47,"SwordArT","$333,989",9,2,6,6
48,"Doublelift","$333,438",10,9,2,9
49,"Imp","$329,670",4,4,5,3
50,"Deft","$321,843",8,9,5,6
51,"Crisp","$313,774",2,4,2,2
51,"Lwx","$313,774",2,4,2,2
53,"Smeb","$312,308",4,7,3,2
54,"Tian","$307,904",2,5,2,2
55,"Sneaky","$303,345",10,7,0,3
56,"Mikyx","$295,456",7,2,1,6
57,"Kuro","$292,392",2,6,3,1
58,"Easyhoon","$292,021",4,1,0,3
59,"ShowMaker","$280,522",8,1,1,5
60,"Svenskeren","$280,214",5,6,2,4
61,"Canyon","$276,083",7,1,1,5
62,"Zven","$275,268",8,11,2,5
63,"DanDy","$271,874",3,2,3,2
64,"BeryL","$268,597",8,1,1,5
65,"MaRin","$264,796",3,1,1,3
66,"Piglet","$261,128",4,1,4,3
67,"Xmithie","$256,174",6,6,2,6
68,"PoohManDu","$252,967",4,0,2,3
69,"GimGoon","$252,048",2,1,3,2
70,"Bjergsen","$246,259",9,9,1,7
71,"Mouse","$245,036",5,2,2,5
72,"mithy","$243,179",8,11,1,4
73,"Ghost","$239,937",5,1,1,4
74,"Bdd","$237,349",3,6,2,2
75,"Nuguri","$221,360",5,2,1,3
76,"knight","$220,609",3,5,1,2
77,"Zero","$218,370",2,2,1,2
78,"BeBe","$216,657",1,1,3,1
79,"Clid","$214,935",5,2,4,3
80,"369","$214,594",3,4,1,2
81,"Cuzz","$210,137",4,5,1,4
82,"LokeN","$207,782",4,5,4,1
83,"xiye","$207,039",4,3,1,2
84,"Mystic","$204,301",4,2,2,2
85,"Toyz","$202,560",1,2,1,1
86,"MiSTakE","$202,160",1,1,1,1
86,"Lilballz","$202,160",1,1,1,1
86,"Stanley","$202,160",1,1,1,1
89,"Score","$196,131",4,9,5,2
90,"Korol","$194,554",4,2,3,4
91,"Betty","$194,014",7,0,4,6
92,"Ben","$193,705",3,2,2,1
93,"iBoy","$190,118",5,1,1,2
94,"Maple","$189,827",10,2,4,6
95,"LvMao","$188,058",2,3,4,1
95,"Zoom","$188,058",2,3,4,1
95,"Yagao","$188,058",2,3,4,1
98,"Ryu","$185,402",2,3,6,2
99,"Condi","$184,048",3,1,1,2
100,"Trick","$182,178",4,3,2,4
101,"YellOwStaR","$181,049",7,8,2,5
102,"Zz1tai","$177,179",5,3,3,3
103,"Wraith","$176,649",0,1,1,0
104,"WildTurtle","$175,508",5,7,3,4
105,"yuyanjia","$174,422",3,1,1,2
106,"Blaber","$173,013",5,3,1,2
107,"Spirit","$167,466",2,5,5,1
108,"Expect","$166,311",5,3,0,3
109,"Rascal","$162,272",3,5,3,2
110,"Teddy","$161,838",5,1,0,4
111,"Odoamne","$161,266",6,2,8,1
112,"Viper","$159,818",4,3,2,2
113,"Hjarnan","$155,339",10,9,7,1
114,"xPeke","$153,709",10,7,1,4
115,"Licorice","$153,113",2,5,0,1
116,"Ssumday","$152,446",4,5,1,2
117,"Diamondprox","$144,370",9,5,1,1
118,"Zeyzal","$139,853",3,6,2,0
119,"Chovy","$139,414",3,5,3,1
120,"inSec","$139,324",3,2,2,2
121,"Santorin","$137,257",6,5,0,1
122,"MMD","$136,650",6,1,1,6
123,"Hanabi","$136,423",7,1,2,3
124,"Meteos","$135,660",5,4,1,2
125,"Biofrost","$134,990",5,0,2,5
126,"Dyrus","$134,031",6,9,0,3
127,"Alphari","$133,777",4,5,0,1
128,"Flame","$132,955",3,4,1,3
129,"Hauntzer","$132,500",4,2,2,4
130,"Kanavi","$131,823",1,2,2,1
131,"aphromoo","$131,340",2,6,2,2
132,"Vander","$128,918",1,2,4,0
133,"SofM","$125,717",1,2,2,0
134,"Rey","$123,881",3,2,1,1
135,"NaMei","$123,247",4,2,0,4
136,"Humanoid","$122,023",5,1,1,2
137,"PowerOfEvil","$121,830",1,7,5,0
138,"Smoothie","$121,333",4,6,1,1
139,"Flandre","$120,067",1,1,2,1
140,"Fireloli","$115,921",2,1,2,2
141,"huanfeng","$114,336",2,1,1,0
142,"Olleh","$114,025",2,5,0,2
143,"dade","$113,967",2,2,1,2
144,"Kramer","$113,854",0,3,2,0
145,"Cyanide","$110,153",7,5,1,4
146,"WADID","$109,876",3,1,1,1
147,"Acorn","$109,282",2,2,0,2
148,"Haro","$109,047",3,2,1,1
149,"TusiN","$108,129",1,3,3,1
150,"Able","$106,919",3,0,0,2
151,"QiuQiu","$106,235",1,2,1,1
152,"IgNar","$103,331",1,3,3,0
153,"Lustboy","$102,509",6,3,0,3
154,"Cool","$102,124",1,2,2,1
155,"PvPStejos","$101,895",6,3,0,0
156,"Shy","$100,948",1,5,2,0
157,"Hans sama","$100,786",3,2,2,0
158,"ZionSpartan","$100,765",2,8,2,2
159,"Kirrrra","$100,654",6,3,1,0
160,"GALA","$100,082",4,1,0,2
161,"Bin","$99,988",1,1,2,0
162,"Angel","$99,677",2,2,1,0
163,"Evi","$99,105",9,4,3,1
164,"Wuxx","$98,940",2,1,2,1
165,"MadLife","$98,606",2,6,2,0
166,"Nemesis","$98,428",7,4,1,1
167,"Pobelter","$97,025",3,3,3,3
168,"Yutapon","$96,605",11,6,1,1
169,"Watch","$96,297",1,3,0,1
170,"Amazing","$95,969",4,4,1,1
171,"West","$95,566",2,2,1,1
172,"Athena","$95,443",3,2,1,0
173,"FORG1VEN","$95,379",1,0,1,0
174,"Ceros","$94,940",10,7,1,1
175,"Gogoing","$93,900",1,3,1,1
175,"san","$93,900",1,3,1,1
175,"LoveLing","$93,900",1,3,1,1
178,"FEBIVEN","$93,852",7,5,2,2
179,"Steal","$93,620",8,3,1,1
180,"Flawless","$93,555",2,4,1,1
181,"Jiejie","$93,119",1,1,3,1
182,"Levi","$93,077",8,5,0,0
183,"Alex Ich","$93,049",4,4,1,1
184,"Tarzan","$90,503",3,4,1,1
185,"Kiin","$90,451",1,3,2,0
186,"huhi","$89,891",2,4,1,2
187,"Woolite","$88,551",14,8,1,0
188,"Genja","$88,300",4,2,1,1
188,"Darien","$88,300",4,2,1,1
190,"AmazingJ","$87,668",2,2,1,0
191,"Hai","$87,649",5,2,1,2
192,"Ucal","$87,281",1,1,1,1
193,"LemonNation","$87,249",5,2,0,2
194,"Ziv","$86,726",1,3,3,0
195,"Froggen","$86,513",4,1,2,1
196,"Jesiz","$85,412",2,2,5,0
197,"Wei","$84,132",3,0,0,2
198,"Nisqy","$83,776",3,8,2,2
199,"Balls","$83,500",5,2,1,2
200,"Lehends","$83,276",3,3,1,1
201,"Moojin","$82,946",2,1,1,2
202,"U","$82,801",3,1,0,3
203,"Life","$82,747",1,3,2,0
204,"Cryin","$82,516",4,0,0,2
205,"KaKAO","$82,348",3,2,5,1
206,"Gaeng","$82,281",6,1,2,0
207,"Effort","$81,948",2,1,0,2
208,"Mowgli","$81,549",1,1,2,0
209,"Westdoor","$80,942",1,2,2,0
210,"Kikis","$80,810",4,5,6,1
211,"Carzzy","$80,770",6,1,1,2
212,"Arrow","$80,700",6,3,2,2
213,"Kaiser","$78,434",6,2,3,2
214,"Jinjiao","$77,833",1,3,1,0
215,"Sword","$77,590",3,3,1,1
216,"Vizicsacsi","$76,607",1,10,2,0
217,"Xpecial","$76,040",4,7,4,1
218,"Wickd","$76,037",2,3,4,1
219,"An","$75,876",1,2,3,0
220,"y4","$75,722",2,1,0,2
221,"Leyan","$72,665",3,0,0,0
222,"705","$72,451",2,0,0,1
223,"Albis","$72,272",1,2,2,0
224,"Cain","$72,097",1,1,0,1
225,"RapidStar","$71,547",0,3,0,0
226,"Hojin","$71,222",0,2,1,0
227,"Kobbe","$71,071",3,2,3,1
228,"NL","$70,532",3,0,0,1
229,"Tactical","$70,171",3,4,1,0
230,"Smurf","$69,882",2,4,2,0
231,"Kid","$69,768",1,3,3,0
232,"Mountain","$68,531",1,2,2,0
233,"GodLike","$68,511",0,1,1,0
234,"Corn","$68,440",0,1,1,0
235,"Stixxay","$68,315",1,3,3,1
236,"TheOddOne","$68,040",4,6,2,1
237,"Keria","$67,962",1,2,1,0
238,"LANGX","$67,726",1,2,1,0
239,"Reginald","$67,040",4,5,2,1
240,"Reignover","$66,370",2,1,2,2
241,"Selfmade","$65,704",5,3,0,0
242,"Vulcan","$64,063",4,1,1,2
243,"SaNTaS","$63,741",8,4,0,0
244,"Heart","$63,444",1,1,0,1
245,"Woong","$63,255",0,3,0,0
246,"Nuclear","$62,417",3,1,1,1
247,"Nagne","$62,287",1,1,0,0
248,"Aodi","$61,570",2,0,0,2
249,"Naul","$61,554",4,4,1,0
250,"Koala","$61,295",2,2,3,1
251,"Jactroll","$61,005",3,2,2,0
252,"Slay","$60,702",4,1,1,0
253,"Road","$60,131",1,2,2,0
254,"Palette","$59,918",3,3,1,0
255,"Cola","$59,693",0,1,1,0
256,"Stark","$59,209",5,2,2,0
257,"Maxlore","$58,913",1,1,1,0
258,"Archie","$58,371",4,2,1,0
259,"nRated","$58,093",4,3,2,2
260,"Xerxe","$58,027",1,3,3,1
261,"Armao","$58,000",3,3,1,0
262,"iBo","$57,553",9,7,1,0
263,"Likkrit","$57,455",2,3,0,0
264,"WeiXiao","$57,090",5,0,1,1
265,"Doran","$57,052",1,2,1,0
266,"G4","$56,678",9,3,2,0
267,"XuanXuanPi","$56,562",1,0,0,1
268,"BOSS","$56,039",8,1,0,0
269,"Kaiwing","$55,966",6,1,1,0
270,"Wh1t3zZ","$55,747",0,1,0,0
271,"Ley","$55,724",1,1,2,1
272,"brTT","$55,485",8,8,4,1
273,"Tabe","$55,327",0,1,0,0
273,"Lucky","$55,327",0,1,0,0
275,"Lloyd","$55,178",9,3,2,0
276,"Slow","$54,809",6,3,1,0
277,"Pyl","$54,704",1,1,1,1
278,"Jiizuke","$54,564",1,0,2,0
279,"Smlz","$54,429",2,1,4,2
280,"Larssen","$54,422",1,4,2,0
281,"Contractz","$53,773",2,2,0,1
282,"Attila","$53,451",4,0,1,0
283,"Nomanz","$52,949",8,1,0,0
284,"AHaHaCiK","$52,457",8,1,0,0
285,"Aluka","$52,331",1,2,1,1
286,"Chawy","$52,028",0,3,2,0
287,"GODV","$51,887",1,1,0,1
288,"Cody Sun","$51,154",1,3,1,0
289,"Cabochard","$50,759",1,3,1,0
290,"Armut","$50,645",4,0,0,2
291,"aMiracle","$50,618",2,1,0,0
292,"Snoopeh","$50,505",1,2,3,0
293,"Rockky","$50,296",6,1,1,0
294,"Unified","$50,243",6,1,1,0
295,"Bigkoro","$50,072",2,3,1,0
296,"nukeduck","$50,024",2,7,1,1
297,"Gilius","$49,769",2,2,4,0
298,"Denyk","$49,608",3,6,0,0
299,"Gadget","$49,560",5,4,1,0
300,"BrokenBlade","$49,035",2,5,0,2
301,"Ramune","$48,698",6,0,2,1
302,"Yellowpete","$48,625",1,1,2,0
303,"Inspired","$48,483",1,5,4,0
304,"Zeros","$48,254",3,2,1,0
305,"Oddie","$48,045",7,1,3,0
306,"AnDa","$48,025",5,1,0,0
307,"Piccaboo","$47,863",2,1,0,1
308,"Krepo","$47,825",1,1,1,0
309,"Canna","$47,725",2,2,0,1
310,"delord","$47,253",9,4,2,0
311,"PK","$47,172",2,6,4,0
312,"BaeMe","$47,167",0,0,1,0
313,"Elyoya","$46,767",3,1,0,2
314,"Tolkin","$46,683",8,3,2,0
315,"Kongyue","$46,642",0,2,3,0
316,"Lodik","$46,481",4,2,0,0
317,"Bugi","$46,246",2,1,3,1
318,"Kold","$46,111",5,2,1,1
319,"MaKNooN","$46,079",1,2,0,1
320,"Uniboy","$46,042",0,2,4,0
321,"Optimus","$45,675",6,1,2,0
322,"Pyosik","$45,654",0,1,1,0
323,"baybay","$45,400",0,2,2,0
324,"Neon","$45,166",3,4,0,0
325,"K1ng","$45,161",8,3,2,1
326,"Expession","$44,838",0,0,0,0
327,"Fly","$44,815",3,3,2,0
328,"Ggoong","$44,527",0,3,0,0
329,"Crash","$44,372",2,0,2,0
330,"CaoMei","$43,990",2,0,1,0
331,"Abbedagge","$43,546",3,2,2,2
332,"Roach","$43,359",2,4,0,1
333,"Cloud","$42,997",0,1,0,0
334,"Saken","$42,905",6,6,3,0
335,"Malrang","$42,719",1,1,1,1
336,"Upset","$42,622",0,3,2,0
337,"Plugo","$42,395",7,3,1,0
338,"Tabzz","$42,035",1,2,0,1
339,"Swift","$41,589",0,2,1,0
340,"promisq","$41,534",3,1,0,1
341,"Jejky","$41,427",7,2,0,0
342,"Cpt Jack","$41,311",3,3,0,1
343,"Xx","$41,151",0,4,1,0
343,"SnowFlower","$41,151",4,0,1,1
345,"Sebekx","$40,952",9,3,0,0
346,"Nyph","$40,480",1,1,1,1
347,"Chres","$40,473",4,2,2,0
348,"LIDER","$40,454",3,3,0,0
349,"FoFo","$40,399",1,2,3,1
350,"PDD","$40,250",1,2,1,0
351,"fabFabulous","$40,120",6,3,0,2
352,"puszu","$40,000",1,0,0,1
353,"Targamas","$39,822",12,3,5,0
354,"Save","$39,781",0,2,1,0
355,"Zeitnot","$39,570",5,3,0,2
356,"River","$39,517",5,2,1,0
357,"micaO","$39,497",6,4,0,1
358,"illuSioN","$39,370",1,2,1,0
359,"Solo","$39,125",2,2,0,0
360,"Morning","$39,097",2,2,3,2
361,"Stitch","$38,976",1,1,2,0
362,"tockers","$38,950",6,3,0,2
363,"Seiya","$38,945",6,1,3,0
364,"Meliodas","$38,732",2,0,1,0
365,"Misaya","$38,676",4,0,1,1
366,"P1noy","$38,655",7,3,1,1
367,"Eika","$38,458",12,5,2,0
368,"xMatty","$38,336",20,7,4,0
369,"SSONG","$38,279",1,1,0,1
370,"Spica","$38,275",1,2,1,1
371,"kaSing","$38,269",5,7,6,1
372,"Nardeus","$38,117",4,0,0,0
373,"Chaox","$38,040",2,3,2,0
374,"Steak","$38,000",2,0,0,0
375,"Avoidless","$37,857",1,0,3,0
376,"Shemek","$37,801",12,6,3,0
377,"Mark","$37,399",2,1,0,0
378,"kRYST4L","$37,369",0,1,1,0
379,"Tom","$37,359",2,0,0,2
380,"M1ssion","$37,323",3,1,3,0
381,"Liang","$37,117",0,4,3,0
382,"Rikara","$37,025",2,0,0,0
383,"Killua","$36,905",1,2,2,1
384,"Beichuan","$36,866",0,2,0,0
385,"Prince","$36,790",1,1,1,0
386,"Hope","$36,553",0,1,0,0
387,"TynX","$36,465",5,3,2,0
388,"Doxy","$36,366",4,6,1,0
389,"Obsess","$36,336",3,5,2,0
390,"loulex","$36,166",1,0,2,1
391,"Xuhao","$36,126",1,0,1,0
392,"GuGer","$36,071",2,6,0,0
393,"Tierwulf","$35,967",5,2,0,0
394,"Revolta","$35,735",5,4,5,2
395,"Fudge","$35,725",4,2,1,1
396,"Zanzarah","$35,579",3,8,1,0
397,"Rich","$35,464",3,2,0,0
398,"Voyboy","$35,450",3,3,3,0
399,"Steeelback","$35,301",7,1,0,1
400,"Rather","$35,294",2,1,1,1
401,"Bando","$35,176",6,7,2,0
402,"Stomaged","$35,120",5,3,0,2
403,"Coco","$34,962",0,1,3,0
404,"Shernfire","$34,936",5,2,1,1
405,"Bvoy","$34,915",0,4,0,0
406,"Orome","$34,675",3,2,2,0
407,"Fix","$34,523",6,4,0,0
408,"Helios","$34,482",3,3,0,1
409,"HotshotGG","$34,380",3,3,3,0
410,"Rahel","$34,178",1,0,0,1
411,"WhiteLotus","$33,760",6,1,1,0
412,"Yang","$33,740",6,5,0,2
413,"Noway","$33,625",3,4,3,0
414,"FZZF","$33,600",1,0,0,0
415,"K","$33,402",0,2,3,0
416,"GBM","$33,400",3,2,0,1
417,"Tonerre","$33,233",10,4,6,0
418,"Nite","$33,232",4,2,4,0
419,"Lilv","$33,067",1,2,4,1
420,"Zefa","$33,047",0,2,0,0
421,"Mafa","$32,986",1,1,2,1
422,"Tabasko","$32,922",6,2,4,0
423,"Bluerzor","$32,885",10,6,5,0
424,"Frozen","$32,881",2,2,0,1
425,"ShiauC","$32,806",2,0,1,2
426,"Send0o","$32,775",8,11,2,1
427,"Kami","$32,672",3,4,4,0
428,"Breeze","$32,502",0,2,3,0
429,"Jockster","$32,364",4,3,0,1
430,"Crownshot","$32,296",8,6,1,0
431,"Conan","$32,267",2,0,1,0
432,"Kitties","$32,250",0,2,2,0
433,"Buggax","$32,186",4,0,1,0
434,"Tank","$32,009",0,3,2,0
435,"Chauster","$31,980",2,3,3,0
436,"NaeHyun","$31,976",2,2,1,2
437,"Asza","$31,971",7,3,2,0
438,"Tore","$31,944",2,1,0,0
439,"Gemini","$31,939",1,2,2,0
440,"Trymbi","$31,913",2,2,1,0
441,"Xiyang","$31,577",1,1,2,1
442,"Jay","$31,375",1,2,2,0
443,"Rest","$31,099",1,1,4,1
444,"Phones","$30,979",1,5,5,0
445,"YiJin","$30,872",3,2,3,0
446,"Atlen","$30,730",3,0,1,2
447,"Bo","$30,670",0,1,0,0
448,"NikSar","$30,622",1,0,0,0
449,"ZaZee","$30,461",5,2,0,0
450,"Warangelus","$30,360",2,5,1,0
451,"Djoko","$30,280",9,4,0,0
452,"Robo","$30,193",6,3,1,1
453,"Key","$30,095",2,0,0,0
454,"IWillDominate","$30,000",0,4,4,0
455,"Closer","$29,938",3,1,0,2
456,"Blasting","$29,902",3,1,0,0
457,"FBI","$29,860",3,2,2,1
458,"MagiFelix","$29,654",13,5,1,1
459,"Shanks","$29,592",1,1,2,0
460,"Keith","$29,400",1,4,1,0
461,"Lucas","$29,269",2,0,0,0
462,"Czekolad","$29,219",3,1,1,0
463,"SirT","$29,175",3,4,3,0
464,"Innaxe","$29,086",4,7,0,0
465,"Don Arts","$28,990",4,2,1,0
466,"Finn","$28,967",1,2,3,0
467,"XLB","$28,963",2,2,0,0
468,"Kellin","$28,686",0,2,2,0
469,"Kreox","$28,670",1,3,1,0
470,"Comp","$28,451",8,3,1,0
471,"Adrian","$28,400",1,3,5,0
472,"Profit","$28,366",2,0,0,1
473,"Mole","$28,282",0,1,2,0
474,"Agresivoo","$28,174",4,4,4,0
475,"Voidle","$28,052",2,2,2,0
475,"icon","$28,052",1,1,1,1
477,"Exile","$28,005",2,7,2,0
478,"Kiaya","$27,883",2,2,1,0
479,"Moyu","$27,863",0,2,1,0
480,"Pretty","$27,860",9,2,1,0
481,"Hana","$27,840",1,0,2,1
482,"Aiming","$27,810",0,2,1,0
483,"Rush","$27,796",1,0,2,1
484,"Homme","$27,787",1,1,1,1
485,"Space","$27,760",0,2,2,0
486,"Moopz","$27,592",8,6,4,0
487,"Chei","$27,573",0,2,0,0
488,"Dan Dan","$27,546",6,6,1,0
489,"Mylon","$27,408",4,2,2,0
490,"Keduii","$27,362",4,6,2,0
491,"RedBert","$27,324",4,2,1,0
492,"Bigfatlp","$27,280",2,3,1,0
493,"ADD","$27,273",1,2,0,0
494,"Ranger","$27,097",3,1,1,1
495,"Nukes","$27,027",4,4,1,0
496,"Candy","$27,000",3,1,0,0
497,"Noway4u","$26,998",6,3,1,0
498,"Shlatan","$26,933",5,5,0,0
499,"Nate","$26,878",6,6,0,0
500,"Forge","$26,844",2,0,0,0
501,"SSol","$26,704",1,4,1,0
502,"Duan","$26,690",1,0,0,0
503,"V1per","$26,600",4,1,0,0
504,"Dioud","$26,588",3,1,3,0
505,"Sya","$26,581",2,2,1,0
506,"Toaster","$26,551",6,7,3,0
507,"Sertuss","$26,474",3,3,2,0
508,"Adam","$26,419",3,1,2,0
509,"TitaN","$26,023",7,0,1,1
510,"HustlinbeasT","$25,901",5,5,7,0
511,"Raxxo","$25,900",2,8,2,0
512,"Ellim","$25,759",3,1,0,1
513,"Kuzan","$25,732",1,1,0,0
514,"Ronop","$25,651",3,1,2,0
515,"Vasilii","$25,491",0,0,1,0
516,"dyNquedo","$25,379",3,0,3,1
517,"Nevan","$25,203",2,1,0,0
518,"cvMax","$25,177",1,1,0,1
519,"Imaqtpie","$25,100",1,3,5,0
520,"scarra","$25,100",1,3,5,0
521,"Paz","$25,031",4,5,3,1
522,"Chippys","$24,992",4,2,4,0
523,"SolidSnake","$24,975",5,1,2,0
524,"Karis","$24,952",3,1,0,0
525,"Blanc","$24,824",1,0,0,1
526,"Shadow","$24,770",1,1,1,0
527,"Sangyoon","$24,759",1,1,1,0
528,"Move","$24,700",3,1,0,1
529,"TinOwns","$24,639",7,4,0,0
530,"Zantins","$24,486",4,0,0,1
531,"CandyPanda","$24,480",0,2,2,0
532,"Shook","$24,450",1,0,0,1
533,"Pilot","$24,274",1,1,1,0
534,"Crazy","$24,195",3,0,0,0
535,"Cinkrof","$24,171",4,4,2,0
536,"WhiteKnight","$23,949",4,1,0,0
537,"Benny","$23,924",0,1,2,0
538,"Lurox","$23,919",2,3,4,0
539,"Deádly","$23,916",4,6,1,0
540,"Kingen","$23,910",1,0,0,1
541,"SMILEY","$23,886",3,6,4,0
542,"Destiny","$23,836",5,3,1,1
543,"Sky","$23,792",1,0,1,1
544,"Damonte","$23,763",1,2,2,0
545,"Gori","$23,533",2,0,1,1
546,"Thaldrin","$23,477",5,0,0,1
547,"XiaoXiao","$23,457",0,1,1,0
548,"Zhuo","$23,353",2,0,0,0
549,"Y1han","$23,228",0,1,0,0
550,"Skeanz","$23,148",5,6,4,0
551,"Sacre","$23,147",5,4,1,0
551,"Riyev","$23,121",4,0,0,1
553,"Dreams","$23,006",3,3,0,0
554,"Paranoia","$22,995",1,3,1,0
555,"Venzer","$22,868",3,4,0,0
556,"Hiiva","$22,819",2,4,0,0
557,"Jeskla","$22,754",3,4,0,0
558,"Sleeping","$22,700",5,4,0,0
559,"Padden","$22,577",2,0,0,1
560,"LirA","$22,479",1,0,1,0
561,"Oner","$22,404",3,3,0,0
562,"Untara","$22,284",0,1,0,0
563,"Winds","$22,200",0,1,0,0
564,"Archer","$22,190",1,0,1,0
565,"Punch","$22,154",1,3,1,0
566,"Vetheo","$22,149",2,2,1,0
567,"Agurin","$22,077",6,2,1,0
568,"Puki style","$22,057",2,8,4,0
569,"Emperor","$22,044",1,1,1,1
570,"Goldenglue","$22,000",1,2,1,0
571,"Kazu","$21,989",3,1,0,0
572,"COLD","$21,923",1,0,1,1
573,"SoHwan","$21,907",0,1,0,0
574,"Fenix","$21,890",1,2,3,0
575,"Yuuki60","$21,813",4,4,4,0
576,"Werlyb","$21,754",7,1,0,0
577,"Venus","$21,739",0,4,1,0
578,"VincentVega","$21,616",0,4,0,0
579,"EasyLove","$21,547",1,4,0,0
580,"Empt2y","$21,491",1,1,0,0
581,"Ace","$21,490",2,2,1,0
582,"Raina","$21,490",1,2,1,0
583,"ocelote","$21,422",0,1,5,0
584,"Kirei","$21,357",2,3,3,0
585,"kev1n","$21,270",1,0,0,0
586,"Warzone","$21,151",1,0,2,0
586,"Elk","$21,104",0,1,2,0
586,"Missing","$21,104",1,1,2,0
589,"beishang","$21,104",0,2,2,0
590,"Naru","$20,993",4,1,0,1
591,"Slayder","$20,973",2,1,3,0
592,"Minerva","$20,795",4,5,1,0
593,"NoNHoly","$20,727",0,6,1,0
594,"Triple","$20,684",5,2,0,1
595,"Matislaw","$20,611",3,7,1,0
595,"DiscotEkka","$20,549",0,4,0,0
595,"Newbie","$20,360",1,6,3,0
598,"Exosen","$20,298",5,5,1,0
599,"POP","$20,258",5,0,0,0
600,"Wendelbo","$20,055",5,4,0,0
601,"fredy122","$20,000",0,1,1,0
602,"Veritas","$19,902",2,3,0,0
603,"Aria","$19,888",2,0,1,0
604,"Tay","$19,789",3,2,0,0
605,"Saintvicious","$19,730",3,2,3,0
606,"Jisu","$19,634",3,3,1,0
607,"Chaser","$19,486",0,1,0,0
608,"Phrenic","$19,427",3,6,1,0
609,"Jirall","$19,401",4,1,3,0
610,"Beyond","$19,352",0,2,0,0
611,"Dia1","$19,323",0,3,1,0
612,"Szygenda","$19,164",4,3,1,0
613,"Wako","$19,122",0,1,2,0
614,"Samux","$19,115",0,2,1,0
615,"Cupcake","$19,052",4,2,5,1
616,"Acce","$18,974",1,3,2,0
617,"Jenax","$18,816",1,5,2,0
618,"Jestkui Max","$18,751",0,4,0,0
619,"Shadow","$18,695",1,3,1,0
620,"Lekcycc","$18,690",0,4,2,0
621,"Phaxi","$18,605",4,5,2,0
622,"TrAce","$18,462",0,1,0,0
623,"ikssu","$18,457",0,0,2,0
624,"Morgan","$18,426",1,1,1,0
625,"Hang","$18,365",1,0,0,0
626,"Cube","$18,365",1,1,0,0
627,"Mickey","$18,343",1,0,2,0
628,"Southwind","$18,301",0,0,0,0
629,"Puff","$18,301",0,0,1,0
630,"LaMiaZeaLoT","$18,250",3,0,1,1
631,"Ventair","$18,242",5,1,3,0
632,"Taxer","$18,203",9,12,3,0
633,"Envy","$18,119",4,1,0,0
634,"Apex","$18,114",1,2,2,0
635,"Freeze","$18,086",4,6,1,1
636,"Falco","$18,065",4,1,0,0
637,"Dan","$18,009",8,2,2,0
638,"Klaj","$18,005",0,4,4,0
639,"Zorozero","$18,000",1,3,0,0
640,"LEP","$17,968",2,1,4,0
641,"World6","$17,923",0,0,0,0
642,"Satorius","$17,916",0,2,2,0
643,"Mystiques","$17,852",5,7,1,0
644,"Kumo","$17,800",1,2,1,0
645,"QaspieL","$17,762",3,4,1,0
646,"Patrik","$17,711",2,1,0,1
647,"Pandar","$17,635",5,1,1,0
648,"Labrov","$17,588",3,0,2,0
649,"Genthix","$17,582",3,0,2,0
650,"Xiaopeng","$17,566",4,0,0,0
651,"Twila","$17,566",4,0,0,0
652,"Changhong","$17,566",4,0,0,0
653,"Hooks","$17,520",4,3,1,0
654,"Tempt","$17,288",1,0,0,0
655,"BioPanther","$17,274",4,1,0,1
656,"3z","$17,247",1,1,3,0
657,"Magic","$17,160",1,0,1,0
658,"Winter","$17,142",5,4,3,0
659,"zig","$17,100",1,0,2,1
660,"Broeki","$17,045",5,1,1,0
661,"takeshi","$17,004",1,6,2,1
662,"dexter","$17,000",0,1,1,0
663,"Phlaty","$16,805",0,4,1,0
664,"Bruce","$16,771",1,2,1,0
665,"Shushei","$16,690",3,0,1,1
666,"WarL0cK","$16,618",2,3,1,0
667,"Shini","$16,561",4,3,0,0
668,"5fire","$16,530",8,3,2,0
669,"Ian","$16,515",0,1,1,0
670,"Crumbz","$16,510",0,2,1,0
671,"Absolut","$16,370",3,3,0,0
672,"UmTi","$16,366",0,1,0,0
673,"Lindarang","$16,305",0,0,0,0
674,"Alex","$16,269",0,1,2,0
675,"Ysera","$16,261",0,2,2,0
675,"poome","$16,220",3,1,3,0
675,"Chrisberg","$16,168",7,0,3,0
678,"Max","$16,162",0,1,0,0
679,"DoubleAiM","$16,055",3,2,1,0
680,"Araneae","$15,990",1,0,1,0
681,"Summit","$15,977",1,1,1,0
682,"Coldenfeet","$15,931",0,5,0,0
683,"Milica","$15,930",6,2,2,0
684,"Chap","$15,855",4,3,3,0
685,"Thal","$15,841",1,2,0,0
686,"Leza","$15,831",1,3,1,0
687,"Deftly","$15,813",0,3,0,0
688,"Lost","$15,792",0,3,5,0
688,"Maxi","$15,772",2,6,0,0
690,"Kitty","$15,669",8,4,4,0
691,"Kinzu","$15,601",0,2,2,0
692,"Guoguo","$15,573",0,1,0,0
693,"Hudie","$15,573",0,1,0,0
694,"Jaeger","$15,560",2,1,4,0
695,"Goku","$15,545",3,5,2,0
696,"FallenBandit","$15,520",3,3,0,0
697,"Le Roi Bisou","$15,509",4,0,2,0
698,"Qingtian","$15,489",1,0,0,0
699,"Visdom","$15,484",0,2,5,0
700,"Melon","$15,482",4,3,4,0
701,"Ryoma","$15,455",2,3,5,1
702,"Breathe","$15,440",0,1,2,0
703,"Kaas","$15,389",7,1,2,0
704,"wewillfailer","$15,334",1,1,1,1
705,"Reeker","$15,307",3,0,0,0
706,"Joey","$15,305",1,0,0,0
707,"toucouille","$15,297",6,2,0,0
708,"Ellam","$15,295",4,1,0,0
709,"Wisdom","$15,278",2,0,1,1
710,"Rabble","$15,248",0,1,3,0
711,"Kaze","$15,052",4,3,2,0
712,"Xiaobai","$15,000",1,1,0,1
713,"Dardoch","$15,000",0,1,2,0
714,"Lukezy","$14,929",2,5,1,0
715,"Th3Antonio","$14,926",5,3,0,0
716,"Jjun","$14,925",3,1,1,0
717,"Kaigu","$14,920",2,4,1,0
718,"SeongHwan","$14,901",0,0,0,0
719,"Deokdam","$14,893",1,2,1,0
720,"Nappon","$14,694",2,1,1,1
721,"Mellisan","$14,690",3,0,1,1
722,"Zin","$14,673",1,0,2,0
723,"Alu","$14,654",2,0,0,0
724,"Ben4","$14,631",0,1,0,0
725,"Captain","$14,615",1,0,0,0
726,"Snow","$14,615",1,0,0,0
727,"XUN","$14,615",1,0,0,0
728,"zs","$14,615",1,0,0,0
729,"Tuesday","$14,590",2,3,1,0
730,"Luci","$14,580",2,3,1,0
731,"Tgee","$14,520",2,4,1,0
732,"MaHa","$14,519",0,1,0,0
733,"Japone","$14,491",1,1,0,0
734,"Ares","$14,468",2,0,0,0
735,"Tolerant","$14,388",2,2,1,1
736,"Garvey","$14,369",0,1,0,0
737,"Xioh","$14,342",1,5,3,0
738,"Dread","$14,233",1,0,1,0
739,"Sharkk","$14,209",4,2,2,0
740,"Viod","$14,152",1,0,0,0
741,"Enjawve","$14,151",2,2,3,0
742,"yT","$14,138",0,3,0,0
743,"Ryan","$14,125",1,2,1,0
744,"Phantiks","$14,106",3,2,1,0
745,"Big","$14,000",4,0,0,0
746,"XiaoWeiXiao","$14,000",0,0,1,0
747,"Kektz","$13,999",4,6,2,0
748,"Totoro","$13,951",1,0,0,0
749,"SozPurefect","$13,908",4,4,4,0
750,"Aun","$13,897",0,5,1,0
751,"EGO","$13,876",1,1,0,0
752,"Cody","$13,837",3,0,1,0
753,"Jett","$13,801",2,0,0,0
754,"Jinoo","$13,685",0,1,1,0
755,"Razork","$13,677",1,6,0,0
756,"Gari","$13,670",5,2,1,0
757,"Shrimp","$13,616",1,3,0,0
758,"Hybrid","$13,580",1,1,2,1
759,"Prosfair","$13,570",12,3,4,0
760,"Ackerman","$13,490",4,0,0,0
761,"H0R0","$13,392",1,1,0,0
762,"Doss","$13,320",2,6,2,0
763,"Patoy","$13,300",0,1,0,0
764,"Shiro","$13,217",3,3,0,0
765,"Shikari","$13,197",13,3,1,0
766,"HiRit","$13,179",3,0,0,0
767,"mancloud","$13,050",0,0,2,0
768,"Zuna","$13,050",0,0,2,0
769,"Pridestalkr","$13,041",0,1,3,0
770,"Tally","$13,038",4,2,3,0
771,"Ronaldo","$13,006",8,3,2,0
772,"Rock","$12,995",0,1,2,0
773,"Hoon","$12,973",1,0,0,0
773,"Violet","$12,893",0,0,1,0
775,"Hatrixx","$12,890",2,2,1,0
776,"REFRA1N","$12,886",1,1,1,0
777,"Kabbie","$12,869",1,0,0,0
778,"Fury","$12,862",0,0,1,0
779,"Pride","$12,839",4,2,0,0
780,"Jenkins","$12,800",3,1,0,0
781,"BloodWater","$12,800",0,0,2,0
782,"Babip","$12,767",5,2,0,1
783,"Meteor","$12,754",0,1,1,0
784,"OnFleek","$12,713",0,2,1,0
785,"Lava","$12,695",0,0,0,0
786,"Mightybear","$12,650",0,2,0,0
787,"Narkuss","$12,625",3,2,2,0
788,"Celebrity","$12,612",2,1,3,0
789,"Hadess","$12,609",9,4,0,0
790,"Nji","$12,524",9,3,0,0
791,"esA","$12,504",3,7,2,1
792,"Reapered","$12,489",2,0,0,0
793,"Vasked","$12,485",4,3,0,0
794,"Flaresz","$12,458",2,0,2,0
795,"DuDu","$12,447",0,0,1,0
796,"Mitsuki","$12,442",2,0,0,0
797,"Wos","$12,432",4,4,0,0
798,"Klowny","$12,428",3,2,2,0
799,"LIMIT","$12,428",1,0,0,0
800,"Shady","$12,410",3,3,3,1
801,"Memento","$12,399",0,2,1,0
802,"Quas","$12,380",0,1,3,0
803,"Darlik","$12,372",7,1,1,0
804,"Spooky","$12,324",4,0,0,0
805,"Julien","$12,290",3,2,2,0
806,"Anthrax","$12,281",6,3,0,0
807,"OzoraVeki","$12,257",3,3,0,0
808,"Chasy","$12,224",3,0,0,0
809,"Renyu","$12,216",2,1,3,0
810,"Vzz","$12,191",4,0,0,0
811,"Aix","$12,190",2,1,0,0
812,"Treatz","$12,184",1,4,3,0
813,"Value","$12,180",5,0,3,0
814,"Selfie","$12,122",1,1,0,0
815,"Ruin","$12,090",2,0,3,0
816,"Yoshino","$12,057",3,0,0,0
817,"Scarlet","$12,046",2,3,0,0
818,"Inori","$12,000",3,0,1,0
819,"Diamond","$12,000",2,1,1,0
820,"NIXWATER","$12,000",0,0,0,0
821,"Cotopaco","$11,975",2,2,2,0
822,"Josedeodo","$11,965",1,0,1,0
823,"Erdote","$11,941",3,1,1,0
824,"Secret","$11,903",0,1,2,0
825,"Hoit","$11,902",1,0,1,0
826,"Jelly","$11,894",1,0,0,0
827,"Artifact","$11,841",0,1,2,0
828,"DoeDoii","$11,805",4,2,0,0
829,"Akaadian","$11,800",0,2,0,0
830,"Atom","$11,752",1,6,2,0
831,"Dove","$11,739",0,2,2,0
832,"yoHan","$11,737",1,0,2,0
833,"Matsukaze","$11,710",2,5,0,0
834,"Vardags","$11,704",0,4,2,0
835,"YutoriMoyasi","$11,685",4,3,4,1
836,"TraYtoN","$11,622",1,3,1,0
837,"Hamez","$11,605",4,5,1,0
838,"Rich","$11,590",0,2,1,0
839,"Ren","$11,571",1,2,0,0
840,"Skash","$11,557",1,0,0,0
841,"Haise","$11,536",0,1,0,0
842,"Aloned","$11,482",1,1,0,0
843,"Masterwork","$11,439",5,2,1,0
843,"Arce","$11,412",3,0,2,0
845,"Relic","$11,412",2,2,2,0
846,"Lucker","$11,376",3,1,1,0
847,"Seaz","$11,372",5,0,0,0
848,"Brosak","$11,364",1,3,3,0
849,"Karim kt","$11,325",1,3,1,0
850,"SoaR","$11,312",0,3,2,0
851,"Raes","$11,302",4,4,3,1
852,"Grell","$11,282",0,5,1,0
853,"Quixeth","$11,255",5,5,0,0
854,"Pulsas","$11,191",2,1,1,0
855,"Bono","$11,179",0,1,0,0
856,"Kerberos","$11,132",7,4,5,0
857,"Dumbledoge","$11,050",4,2,0,1
858,"Wysek","$11,045",0,3,1,0
859,"Obvious","$11,032",4,1,1,0
860,"Four","$11,031",2,4,1,0
861,"Altec","$11,000",0,1,1,0
862,"Markoon","$10,962",2,2,0,0
863,"DNK","$10,954",0,1,2,0
864,"Vsta","$10,940",0,1,2,0
865,"Jezu","$10,811",1,0,2,0
866,"Fragas","$10,800",1,0,0,0
867,"Caedrel","$10,785",1,2,1,0
868,"Arthur","$10,763",0,1,1,0
869,"Secr3t","$10,666",0,1,0,0
870,"Lonely","$10,658",1,0,2,0
871,"Envyy","$10,651",2,0,1,0
872,"Meight","$10,638",4,4,1,0
873,"Zzus","$10,621",2,0,1,1
874,"Special","$10,610",5,7,1,0
875,"CBL","$10,606",1,0,4,0
876,"Doggo","$10,600",0,2,0,0
877,"StarLast","$10,489",1,0,0,0
878,"Yaharong","$10,486",0,1,0,0
879,"Yampi","$10,465",3,3,2,0
880,"Dragonminkim","$10,440",2,0,0,0
881,"HeaQ","$10,421",0,1,1,0
882,"Minit","$10,380",0,3,0,0
883,"Kati","$10,371",3,2,0,0
884,"Apollo","$10,340",1,1,2,0
885,"SLT","$10,315",1,2,3,0
886,"Furuy","$10,283",4,4,5,0
887,"Youngjae","$10,246",1,0,2,0
888,"Shoryu","$10,200",2,4,0,0
889,"Gamsu","$10,200",0,1,2,0
890,"Cat","$10,181",0,1,0,0
891,"Lies","$10,181",0,1,0,0
892,"Papa Chau","$10,150",0,2,1,0
893,"MnM","$10,140",0,0,0,0
894,"Bananitoo","$10,118",5,0,3,0
895,"niQ","$10,102",1,2,1,0
896,"Yoppa","$10,101",2,2,1,0
897,"Jiekou","$10,078",1,0,1,1
898,"Emp","$10,054",1,4,2,0
899,"Doxa","$10,000",1,1,0,0
900,"Hammock","$10,000",0,1,0,0
901,"BunnyFuFuu","$10,000",0,2,0,0
902,"GreenTea","$10,000",0,0,0,0
903,"Breaker","$9,876",0,1,2,0
904,"GodKwai","$9,872",1,1,0,0
905,"Isles","$9,850",2,3,0,0
906,"Alois","$9,840",7,2,0,0
907,"JayJ","$9,800",2,0,0,0
908,"Nikola","$9,756",4,2,1,0
909,"Advienne","$9,752",1,1,0,0
910,"Bravado","$9,750",3,0,2,0
911,"Decoy","$9,696",2,2,3,1
912,"Taikki","$9,693",0,3,3,0
913,"KingJ","$9,676",0,1,2,0
914,"Pooh","$9,667",0,1,0,0
915,"MANTARRAYA","$9,613",2,0,0,0
916,"MikeYeung","$9,600",3,2,0,1
917,"Copy","$9,520",2,5,0,0
918,"behave","$9,519",3,4,1,0
919,"Sorn","$9,499",0,1,3,0
920,"HuSha","$9,487",0,3,0,0
921,"Cepted","$9,435",1,1,1,0
922,"Jwaow","$9,429",1,1,4,0
923,"Kino","$9,416",0,2,1,0
924,"Kruimel","$9,397",3,5,2,0
925,"Raven","$9,370",1,0,0,0
926,"Scarface","$9,368",1,3,1,0
927,"SuNo","$9,360",1,0,1,0
928,"Khael","$9,324",2,0,1,0
929,"Light","$9,264",0,1,0,0
930,"Ale","$9,264",0,1,0,0
931,"Iwandy","$9,264",0,2,0,0
932,"Godbro","$9,258",4,3,1,1
933,"Mash","$9,250",1,2,0,0
934,"Griffin","$9,250",0,2,2,0
935,"xani","$9,242",1,2,1,0
936,"Hieu3","$9,237",0,1,0,0
937,"Sinmivak","$9,213",2,0,3,0
938,"Wakz","$9,207",3,4,2,0
939,"Dom1nant","$9,205",4,4,0,0
940,"wuji","$9,195",1,2,2,0
941,"mumus100","$9,180",1,5,3,0
942,"Bie","$9,116",1,1,2,0
943,"DudsTheBoy","$9,038",3,0,3,0
944,"Ceos","$9,038",3,0,3,0
945,"Asper","$9,026",2,0,1,0
946,"Rakyz","$8,932",0,5,0,0
947,"Cariok","$8,917",2,2,1,0
948,"Shenyi","$8,876",0,2,1,0
949,"Von","$8,853",2,2,1,0
950,"Plasma","$8,807",4,0,1,0
951,"Dara","$8,781",6,4,0,1
952,"Ggamza","$8,778",4,1,0,0
953,"Tussle","$8,777",4,4,2,1
954,"Delitto","$8,769",3,2,0,0
955,"NoFe","$8,765",0,0,0,0
956,"DREAMPYLLA","$8,758",1,3,0,0
957,"Bolulu","$8,741",4,2,0,0
958,"ppgod","$8,736",0,0,1,0
959,"CozQ","$8,724",1,2,0,0
960,"Ohq","$8,721",0,0,0,0
961,"Jester","$8,717",1,2,3,0
962,"beansu","$8,701",2,4,2,0
963,"HolyPhoenix","$8,698",6,1,0,0
964,"Stefan","$8,689",2,2,0,0
965,"Touch","$8,666",5,0,2,0
966,"Ophelia","$8,652",1,1,1,0
967,"Paris","$8,628",3,1,2,0
968,"Kroghsen","$8,612",11,2,4,0
969,"Shiganari","$8,590",0,3,0,0
970,"Alive","$8,588",2,2,0,0
971,"Pancake","$8,559",1,1,1,0
972,"Parang","$8,535",1,1,1,0
973,"OddOrange","$8,530",1,2,1,0
974,"Drobovik123","$8,469",0,2,1,0
975,"Chapapi","$8,452",8,2,0,0
975,"WeiZor","$8,407",2,1,1,0
977,"XinMo","$8,406",1,0,0,0
978,"Akabane","$8,400",1,0,1,0
979,"Dice","$8,384",1,0,1,0
980,"Route","$8,355",0,0,1,0
981,"Makler","$8,350",1,0,1,0
982,"Wolfe","$8,330",1,1,3,0
983,"Bloody","$8,301",4,2,2,0
984,"Rainbow","$8,283",1,0,1,0
985,"Dreamer Ace","$8,279",0,2,0,0
986,"Blazes","$8,271",1,1,3,0
987,"Fox","$8,250",1,2,0,0
988,"Mills","$8,216",2,1,0,0
989,"Nerroh","$8,180",2,7,0,0
990,"Nightmares","$8,159",3,7,2,0
991,"TasteLess","$8,152",3,4,0,0
992,"rhuckz","$8,113",3,4,0,1
993,"Sharp","$8,090",3,0,3,0
994,"EvanRL","$8,050",1,2,3,0
995,"Stunt","$8,000",1,0,1,0
996,"Blossom","$7,996",1,0,0,0
997,"Kadir","$7,995",0,2,1,0
998,"k0u","$7,995",3,3,1,0
999,"Katare","$7,974",3,2,0,0
1000,"Mireu","$7,957",1,0,0,0
1001,"Kindless","$7,900",2,3,2,0
1002,"EdinPriqtel","$7,892",2,0,1,0
1003,"Plox","$7,788",1,4,2,0
1004,"Ashanome","$7,776",3,5,1,0
1005,"QQmore","$7,774",0,3,2,0
1006,"Unho1y","$7,761",1,2,0,0
1007,"Pyrka","$7,755",1,0,4,0
1008,"Elwind","$7,734",2,0,1,2
1009,"Mojito","$7,734",4,0,1,2
1010,"Madness","$7,734",2,0,1,2
1011,"Sedrion","$7,695",0,2,2,0
1012,"Creaton","$7,680",1,0,0,0
1013,"Bruness","$7,624",2,1,2,0
1014,"Leo","$7,609",0,1,0,0
1015,"Lourlo","$7,600",1,0,0,0
1016,"ON","$7,599",0,0,1,0
1017,"Zvene","$7,579",2,1,1,0
1018,"TheRainMan","$7,540",1,1,2,0
1019,"Czajek","$7,446",2,0,3,0
1020,"Fitz","$7,384",0,1,1,0
1021,"Vince","$7,312",5,2,0,0
1022,"JunJia","$7,287",2,0,0,1
1023,"Dhokla","$7,275",3,2,2,0
1024,"LukasNegro","$7,192",1,5,0,0
1025,"Tiger","$7,151",4,1,1,0
1026,"Berserker","$7,128",3,1,0,0
1027,"CaD","$7,094",0,1,0,0
1028,"Divkid","$7,037",0,0,3,0
1029,"Matt","$7,000",0,1,0,0
1030,"Gumayusi","$6,993",2,1,0,0
1031,"Clozer","$6,987",0,0,0,0
1032,"Frappii","$6,983",2,4,0,0
1033,"Catch","$6,938",2,1,0,0
1034,"kubYD","$6,932",3,0,1,0
1035,"Aku","$6,921",3,7,2,0
1036,"Baula","$6,916",1,5,0,0
1037,"Melonik","$6,911",1,0,1,0
1038,"IlllIma","$6,905",4,1,0,0
1039,"Mocha","$6,893",1,0,0,1
1040,"Pake","$6,883",0,1,2,0
1041,"Turtle","$6,877",1,1,1,0
1042,"Chieftain","$6,874",0,1,0,0
1043,"MoMa","$6,860",0,1,0,0
1044,"Swip3rR","$6,852",3,7,1,1
1045,"Archie2B","$6,842",0,1,1,0
1046,"Woody","$6,814",0,0,2,0
1047,"Exakick","$6,812",0,1,1,0
1048,"Erry","$6,800",1,1,1,0
1049,"Raqo","$6,762",5,5,2,0
1050,"Shinsekai","$6,759",1,0,0,0
1051,"fNb","$6,759",2,3,0,0
1051,"Krastymel","$6,758",2,2,2,0
1053,"Juhan","$6,740",0,1,2,0
1054,"Goose","$6,738",5,6,1,0
1055,"Quicktimer","$6,714",2,2,0,0
1056,"Afflict","$6,692",2,0,0,0
1057,"Hasmed","$6,660",0,1,1,0
1058,"Avenger","$6,655",3,0,2,0
1059,"Khantos","$6,653",0,2,0,0
1060,"Nova","$6,609",0,0,1,0
1061,"Jree","$6,500",1,0,2,0
1062,"Praedyth","$6,500",1,1,0,0
1063,"Pabu","$6,500",1,3,0,0
1064,"Chazz","$6,500",1,1,0,0
1065,"Rueven","$6,497",1,0,1,0
1066,"Cookie","$6,486",1,3,0,0
1067,"Mia","$6,477",0,1,0,0
1068,"Dimonko","$6,476",0,1,1,0
1069,"HyBriD","$6,472",0,0,1,0
1070,"UDYSOF","$6,450",1,0,0,0
1071,"Professor","$6,359",0,2,2,0
1072,"Wardain","$6,325",0,2,1,0
1073,"Roison","$6,322",0,5,3,0
1074,"Sks","$6,321",0,0,0,0
1075,"Raven","$6,304",0,1,0,0
1076,"Yeon","$6,270",5,2,1,0
1077,"Tenacity","$6,220",2,1,3,0
1078,"Kenvi","$6,220",2,1,3,0
1079,"Enso","$6,218",0,0,1,0
1080,"Frozen","$6,210",6,1,0,0
1081,"Palafox","$6,200",3,1,0,0
1082,"SOUPerior","$6,200",1,1,0,0
1083,"Care","$6,196",0,1,0,0
1084,"xiaolaohu","$6,196",0,2,0,0
1085,"Zhergoth","$6,187",3,3,0,0
1086,"Angush","$6,180",0,0,1,0
1086,"Ippon","$6,124",0,2,2,0
1086,"Rogue","$6,114",2,0,2,0
1089,"Shiphtur","$6,100",0,2,0,0
1090,"Crystal","$6,088",2,2,0,0
1091,"Bruno","$6,082",1,0,0,0
1092,"Jauny","$6,080",4,1,1,0
1093,"BocaJR","$6,045",2,0,1,0
1094,"Albetrayber","$6,018",6,4,3,0
1095,"OmarGod","$6,000",0,1,1,0
1095,"Prismal","$6,000",3,2,0,0
1095,"Keane","$6,000",1,0,0,0
1098,"Motive","$5,974",0,0,2,0
1099,"Wink","$5,973",0,0,0,0
1100,"Joker","$5,945",0,1,2,0
1101,"Rod","$5,932",1,4,0,0
1102,"Nxi","$5,920",3,3,0,0
1103,"Gango","$5,913",0,1,2,0
1104,"Nolan","$5,893",4,1,0,0
1105,"Seelame","$5,889",3,3,2,0
1106,"Navio","$5,888",0,1,1,0
1107,"Xaky","$5,887",4,3,1,0
1108,"Martin","$5,883",0,0,0,0
1109,"Ritix","$5,864",1,1,0,0
1110,"fearness","$5,862",0,1,0,0
1111,"Wings","$5,862",0,1,0,0
1112,"M1anhua","$5,862",0,3,0,0
1113,"Cboi","$5,850",4,4,1,0
1114,"Jojo","$5,846",2,3,0,0
1115,"Crush","$5,833",2,0,0,0
1116,"LeX","$5,832",0,1,1,0
1117,"Weiwei","$5,805",0,0,0,0
1118,"Biubiu","$5,805",0,0,0,0
1119,"Samd","$5,805",0,0,0,0
1120,"KronG","$5,798",0,1,0,0
1121,"SOLKA","$5,793",0,0,1,0
1122,"zoiren","$5,786",3,1,0,0
1123,"Saviour","$5,731",5,4,0,0
1124,"Astarore","$5,725",3,1,0,0
1125,"twohoyrz","$5,712",1,0,1,0
1126,"Teacherma","$5,664",0,0,0,0
1127,"Xzz","$5,661",0,1,0,0
1128,"hyrqBot","$5,650",1,0,1,0
1129,"Maestro","$5,604",0,0,0,0
1130,"Fenfen","$5,604",0,0,0,0
1131,"Husky","$5,600",0,2,0,0
1132,"Nille","$5,595",1,1,2,0
1133,"Ruby","$5,593",0,2,0,0
1134,"Claire","$5,588",1,3,8,1
1135,"Noltey","$5,554",0,4,7,0
1136,"SkyBart","$5,553",0,5,2,0
1137,"Pride","$5,544",0,2,0,0
1138,"Petland","$5,535",1,2,0,0
1139,"Freire","$5,523",2,0,1,0
1140,"Saulius","$5,510",1,4,1,0
1141,"aesthetic","$5,507",1,1,2,0
1142,"Inition","$5,475",1,2,0,0
1143,"Krakmo","$5,467",1,4,1,0
1144,"MrRalleZ","$5,464",0,0,2,0
1145,"MarioMe","$5,461",2,0,1,0
1146,"Seize","$5,430",0,1,0,0
1147,"007x","$5,400",1,0,0,0
1148,"Bay","$5,393",0,1,1,0
1149,"Kamilius","$5,333",2,1,1,0
1150,"Disave","$5,328",1,0,1,0
1151,"Prime","$5,322",4,2,0,0
1152,"Bonnie","$5,320",2,0,1,0
1153,"Kerp","$5,301",1,0,1,0
1154,"Ruvelius","$5,296",2,0,1,1
1155,"Xico","$5,266",2,2,1,0
1156,"Own3r","$5,236",3,3,0,0
1157,"xTyLk","$5,227",1,2,0,0
1158,"Brandini","$5,200",3,2,0,0
1159,"Priskornet","$5,197",2,2,1,0
1160,"FATE","$5,183",0,0,2,0
1161,"Anyyy","$5,171",1,0,1,0
1162,"Dreedy","$5,158",2,3,1,0
1163,"NoXiAK","$5,156",0,0,2,0
1164,"komedyja","$5,144",2,1,0,0
1165,"ActScene","$5,142",0,0,0,0
1166,"Zergsting","$5,134",2,0,0,1
1167,"Zuao","$5,134",1,0,4,0
1168,"MightyDragon","$5,133",1,2,0,0
1169,"Hauz","$5,128",3,0,0,0
1170,"Nestea","$5,113",0,0,1,0
1171,"Mersa","$5,112",2,0,0,0
1172,"Damage","$5,092",1,3,1,0
1173,"InTreso","$5,068",2,2,0,0
1174,"Baiano","$5,059",0,1,1,0
1175,"Atlanta","$5,020",2,0,0,0
1175,"Apii","$5,000",1,1,0,0
1175,"Halo","$5,000",2,2,0,0
1178,"TopLop","$5,000",2,1,1,0
1179,"Keshi","$4,994",0,1,0,0
1180,"FireRain","$4,980",0,0,1,0
1181,"Luskka","$4,969",1,1,0,0
1182,"Aoshi","$4,947",0,1,2,0
1183,"Victory","$4,932",0,0,0,0
1184,"Quinncidence","$4,925",2,1,0,0
1185,"Nemky","$4,921",0,2,0,0
1186,"Munckizz","$4,914",4,4,4,0
1187,"Marrow Ooze","$4,903",7,2,1,0
1188,"Erixen","$4,893",3,0,1,0
1188,"Unknown","$4,879",2,3,2,0
1190,"JaVaaa","$4,879",1,1,0,0
1191,"Winston","$4,840",4,2,2,0
1192,"Archeny","$4,831",1,1,2,0
1193,"Zeus","$4,811",1,1,0,0
1194,"Defles","$4,806",0,2,1,0
1195,"RoseThorn","$4,800",2,1,1,0
1196,"JimieN","$4,800",0,0,1,0
1197,"Rodov","$4,800",3,2,1,0
1198,"LL","$4,795",0,1,0,0
1199,"XoNix","$4,785",0,0,1,0
1200,"Emtest","$4,774",0,2,0,0
1201,"Croco","$4,768",0,0,1,0
1202,"Color","$4,767",2,0,0,0
1203,"ImSoFresh","$4,758",0,1,0,0
1204,"Mimic","$4,757",2,0,1,0
1205,"Reje","$4,743",3,3,0,0
1206,"Bean","$4,743",1,2,1,0
1207,"Tutsz","$4,742",1,0,0,0
1208,"S0NSTAR","$4,740",0,0,0,0
1209,"Haydal","$4,707",2,5,0,0
1210,"Ryuzaki","$4,673",1,3,2,0
1211,"Rifty","$4,667",2,4,2,0
1212,"Kabe","$4,664",0,1,0,0
1213,"Afm","$4,651",2,2,1,0
1214,"Akunma","$4,640",1,4,0,0
1215,"yijie","$4,618",0,1,1,0
1216,"ACD","$4,616",2,1,1,0
1217,"Cl0x","$4,608",0,4,2,0
1218,"Maoan","$4,600",0,1,0,0
1219,"Reven","$4,589",1,0,0,0
1220,"Sephis","$4,588",2,0,0,0
1221,"Mask","$4,578",0,1,0,0
1222,"Skude","$4,573",5,4,0,0
1223,"ZWuJi","$4,571",0,1,0,0
1224,"Youdang","$4,571",1,2,0,0
1225,"Luger","$4,563",1,2,3,0
1226,"ping","$4,532",0,1,0,0
1227,"Tioo","$4,522",1,2,2,0
1228,"Envy Carry","$4,503",1,0,0,0
1229,"Locodoco","$4,470",0,0,0,0
1230,"JinO","$4,458",1,0,0,0
1231,"Kakan","$4,455",4,1,2,0
1232,"Topoon","$4,450",3,0,0,0
1233,"Hadow","$4,435",4,6,3,0
1234,"Azure","$4,434",0,2,0,0
1235,"Flaxxish","$4,418",1,3,0,0
1236,"Cabu","$4,396",1,0,3,0
1237,"Myw","$4,396",1,1,1,0
1238,"Guubi","$4,369",1,3,1,0
1239,"Raise","$4,368",1,0,1,0
1240,"Soligo","$4,360",3,0,0,0
1241,"Wayne","$4,358",0,1,0,0
1242,"rjs","$4,351",1,0,0,0
1243,"Kine","$4,347",0,2,0,0
1244,"LaFleur","$4,345",6,1,0,0
1245,"Rakin","$4,338",0,1,1,0
1246,"Aoi Haru","$4,337",1,0,0,0
1247,"Once","$4,329",1,0,2,0
1248,"Night","$4,320",4,5,0,0
1249,"pbO","$4,314",2,2,1,0
1250,"Kuma","$4,299",0,0,1,0
1251,"DuaLL","$4,297",1,1,0,0
1252,"Yado","$4,254",0,0,0,0
1253,"FUN k3y","$4,241",0,2,1,0
1254,"Shiny","$4,240",2,0,1,0
1255,"Garo","$4,239",1,1,2,0
1256,"Eckas","$4,234",3,1,0,0
1257,"Holo","$4,233",0,0,2,0
1258,"Mirror","$4,201",1,3,0,0
1259,"Mexi","$4,189",1,1,0,0
1260,"Fraid","$4,167",1,3,1,0
1261,"Random","$4,144",5,1,0,0
1262,"Achuu","$4,137",2,1,2,0
1263,"Zytan","$4,134",3,1,1,0
1264,"Artemis","$4,120",0,1,1,0
1265,"Style","$4,109",1,0,0,0
1266,"Jatt","$4,100",1,0,2,0
1267,"Moo","$4,093",0,2,0,0
1268,"Citrus","$4,091",0,1,0,0
1269,"Yunbee","$4,080",2,1,0,0
1270,"Kronos","$4,063",1,2,0,0
1271,"Nobody","$4,063",0,1,0,0
1272,"Kackos","$4,062",0,2,1,0
1273,"Tifa","$4,035",1,3,0,0
1273,"Kyanna","$4,035",1,3,0,0
1275,"Pirean","$4,031",0,1,1,0
1276,"Zeicro","$4,027",1,2,1,0
1277,"Cover","$4,023",0,0,1,0
1278,"Benji","$4,000",0,0,1,0
1279,"Hakuho","$4,000",0,0,1,0
1280,"Moon","$4,000",0,0,0,0
1281,"Froststrike","$3,995",1,3,0,0
1282,"whiteinn","$3,994",1,2,0,0
1283,"Eimy","$3,984",0,0,1,0
1284,"Fanatiik","$3,982",1,3,2,0
1285,"Dreamsu","$3,975",1,1,1,0
1286,"Bull","$3,964",0,2,0,0
1287,"Zica","$3,928",0,0,0,0
1288,"Wizer","$3,916",0,0,1,0
1289,"Efias","$3,915",2,2,0,0
1290,"Vicla","$3,912",2,0,0,0
1291,"Tony Top","$3,900",0,2,0,0
1292,"TH","$3,898",0,0,2,0
1293,"Bullet","$3,885",1,1,2,0
1294,"Spot","$3,879",0,0,2,0
1295,"AlternativeX","$3,874",2,2,1,0
1296,"Dommmy","$3,852",2,2,1,0
1297,"Calm","$3,845",0,1,2,0
1298,"Gear","$3,842",0,0,0,0
1299,"Kit","$3,841",0,1,0,0
1300,"Raxhy","$3,836",1,1,2,0
1301,"Phantomles","$3,833",3,1,0,0
1302,"Lvsyan","$3,805",1,0,0,0
1303,"LynX","$3,803",2,0,0,0
1304,"Brom","$3,803",0,0,0,0
1305,"Tomo","$3,800",2,1,0,0
1306,"Nyu","$3,797",2,0,2,0
1307,"Grisen","$3,796",2,2,1,0
1308,"Mytheos","$3,788",2,4,3,0
1309,"Energy","$3,769",4,1,1,0
1310,"Guigo","$3,748",3,0,1,0
1311,"StenBosse","$3,742",3,2,0,0
1312,"Poulsen","$3,738",1,1,0,0
1313,"Kiefer","$3,731",1,1,1,0
1314,"Hiro","$3,727",0,0,0,0
1315,"Sebs","$3,691",4,5,2,0
1316,"Kartis","$3,674",1,0,0,0
1317,"IceBreaker","$3,672",2,1,1,0
1318,"Engo","$3,660",1,0,1,0
1319,"Swiffer","$3,656",2,4,1,0
1320,"Spookz","$3,656",2,4,1,0
1321,"Rulfchen","$3,652",3,1,0,0
1322,"Decay","$3,614",1,1,2,0
1323,"viNylCat","$3,610",0,0,0,0
1324,"BuLLDoG","$3,596",0,2,0,0
1325,"Tiara","$3,591",2,2,0,0
1326,"Yusa","$3,587",4,3,7,0
1327,"Only","$3,581",2,3,3,1
1328,"Cheoni","$3,568",0,1,0,0
1329,"Baut","$3,568",0,1,0,0
1330,"Riss","$3,568",0,1,0,0
1331,"Kanin","$3,565",1,0,0,0
1332,"Sarkis","$3,562",2,0,0,0
1333,"Kehvo","$3,545",0,3,1,0
1334,"Taurus","$3,531",0,0,1,0
1335,"Odi11","$3,523",1,0,1,0
1336,"Hyôrai","$3,521",0,4,0,0
1337,"PaSa","$3,519",0,2,0,0
1338,"DinTer","$3,514",0,0,0,0
1339,"ottovaG","$3,512",7,0,1,0
1340,"Bradley","$3,500",3,0,0,0
1341,"Adept","$3,492",1,0,1,0
1342,"HungryPanda","$3,490",2,0,1,0
1343,"Choisix","$3,478",1,2,1,0
1343,"SadJesteRRR","$3,476",0,0,0,0
1345,"Only35","$3,470",2,1,0,0
1346,"xCharm","$3,465",0,1,0,0
1347,"Coated","$3,457",0,0,1,0
1348,"Viking","$3,437",1,0,0,0
1349,"Storm","$3,418",0,1,0,0
1350,"Valkyrie","$3,418",0,1,0,0
1351,"Aegis","$3,417",3,0,0,0
1352,"CheonGo","$3,410",0,0,0,0
1353,"Slyv3r","$3,404",2,4,2,0
1354,"Likai","$3,400",0,0,1,0
1355,"Darker","$3,400",0,0,2,0
1356,"Baca","$3,399",1,1,0,0
1357,"Hyoga","$3,384",1,0,1,0
1358,"Lamabear","$3,362",1,0,0,0
1359,"Seraph","$3,356",0,0,1,0
1360,"Eren","$3,339",1,3,0,0
1361,"Kadaver","$3,329",6,1,1,0
1362,"BULBAZABP","$3,320",0,1,0,0
1363,"GoldenTo4st","$3,317",1,1,0,0
1364,"Azhi","$3,300",0,0,0,0
1365,"Malunoo","$3,300",0,0,1,0
1366,"Yursan","$3,300",0,0,2,0
1367,"Minji","$3,300",0,0,0,0
1368,"extinkt","$3,300",0,0,1,0
1369,"K2","$3,300",0,0,0,0
1370,"DenVoksne","$3,272",1,1,2,0
1371,"J0J0C","$3,271",3,1,1,0
1372,"Hawk","$3,262",1,0,0,0
1373,"Akeno","$3,261",0,0,0,0
1374,"Rebel","$3,257",1,0,0,0
1375,"Rafitta","$3,247",1,1,0,0
1376,"Glebo","$3,245",0,0,1,0
1377,"Lmzs","$3,244",1,0,0,0
1378,"Wondro","$3,239",3,2,0,0
1379,"Epic","$3,239",0,0,0,0
1380,"Charger","$3,236",0,0,0,0
1381,"xKenzuke","$3,234",1,0,0,0
1382,"Neo","$3,232",2,0,1,1
1383,"Optimas","$3,222",1,1,0,0
1384,"Tomio","$3,220",1,2,1,0
1385,"Mist","$3,220",1,1,1,0
1386,"Aspect","$3,220",1,1,1,0
1387,"Danny","$3,220",1,1,1,0
1388,"Srtty","$3,220",1,1,1,0
1389,"Destroy","$3,217",0,0,2,0
1390,"SkuLL","$3,212",1,0,0,0
1391,"Boomin","$3,206",2,3,0,0
1392,"Raid","$3,196",1,0,2,1
1393,"Impaler","$3,191",0,2,0,0
1394,"Hena","$3,186",0,0,0,0
1395,"Tear","$3,183",0,0,2,0
1396,"dibu","$3,181",3,0,0,0
1397,"Niles","$3,180",1,1,3,0
1398,"Dawn","$3,179",1,0,0,0
1399,"hammann","$3,175",0,1,0,0
1400,"Lilipp","$3,173",0,0,1,0
1401,"ItsCortez","$3,169",0,0,0,0
1402,"Cospect","$3,164",5,0,0,0
1403,"Tak","$3,133",0,1,2,0
1404,"Lion","$3,125",0,1,1,0
1405,"Click","$3,109",3,2,0,0
1406,"UNF0RGIVEN","$3,090",1,0,0,0
1407,"ChosenOne","$3,083",3,0,0,0
1408,"WouLou","$3,070",2,0,2,0
1409,"Nipphu","$3,053",3,1,1,0
1410,"Kryze","$3,051",1,2,0,0
1411,"Oscarinin","$3,044",0,2,0,0
1412,"Kynetic","$3,039",0,2,1,0
1413,"WildHeart","$3,031",0,0,1,0
1414,"bucu","$3,029",0,1,1,0
1415,"Ripi","$3,029",3,1,0,0
1416,"Froggy","$3,027",0,1,0,0
1417,"Kashtelan","$3,025",0,2,2,0
1418,"Genza","$3,023",0,1,0,0
1419,"Saju","$3,019",1,3,1,0
1420,"Laba","$3,018",0,1,1,0
1421,"Lucky","$3,011",1,0,0,0
1422,"Chelly","$3,007",0,0,1,0
1423,"Chime","$3,000",2,0,0,0
1424,"Jojopyun","$3,000",0,1,0,0
1425,"Hard","$3,000",0,1,0,0
1426,"Fill","$3,000",0,1,0,0
1427,"Blaze","$3,000",0,1,0,0
1428,"Klaus","$2,984",0,2,0,0
1429,"AndyBendy","$2,979",1,3,3,0
1430,"PCL","$2,978",1,4,2,0
1431,"styllEE","$2,954",1,2,0,0
1432,"Turanaga","$2,936",1,0,0,0
1433,"LUBEEENZZZ","$2,936",1,0,0,0
1434,"Monk","$2,927",2,4,5,0
1435,"Prodigy","$2,923",1,2,1,0
1436,"Arashi","$2,908",0,1,1,0
1437,"NOsFerus","$2,905",1,1,0,0
1438,"Nausicaa","$2,900",1,0,0,0
1439,"Wing","$2,900",0,0,0,0
1440,"Wiz","$2,884",1,0,0,0
1441,"JeongHoon","$2,866",1,0,0,0
1442,"Dragane","$2,865",1,3,0,0
1443,"FlayStation","$2,860",1,1,1,0
1444,"Hoya","$2,850",0,0,0,0
1445,"Jisoo","$2,823",0,1,0,0
1446,"Sof","$2,813",1,0,1,0
1447,"Pun1sher","$2,810",0,4,1,0
1448,"ForellenLord","$2,801",0,0,1,0
1449,"Ablazeolive","$2,800",1,0,1,0
1450,"Dragdar","$2,795",0,0,2,0
1451,"t4nky","$2,756",0,0,2,0
1452,"NUCLEARINT","$2,745",0,1,2,0
1453,"APA","$2,732",0,3,2,0
1454,"Fresskowy","$2,728",0,2,0,0
1455,"LeChase","$2,719",2,2,0,0
1456,"BroCColi","$2,700",0,0,1,0
1457,"KiWiKiD","$2,700",0,0,0,0
1458,"Erasus","$2,697",1,0,0,0
1459,"Hinn","$2,692",0,0,1,0
1460,"Tuomari","$2,685",1,3,3,0
1461,"Mong","$2,668",0,0,0,0
1462,"Proud","$2,649",0,0,0,0
1463,"Phoenix","$2,649",3,0,1,0
1464,"Griffon","$2,645",0,2,0,0
1465,"Aslan","$2,637",0,1,1,0
1466,"2188","$2,630",0,0,0,0
1467,"RD","$2,629",0,0,1,0
1468,"Evrot","$2,622",0,1,0,0
1469,"Fomko","$2,569",0,0,1,0
1470,"Tide","$2,563",6,2,0,0
1471,"AnOnPsyCkO","$2,556",1,0,0,0
1472,"Kenapil","$2,548",0,4,3,0
1473,"Truklax","$2,537",2,4,0,0
1474,"KazeTAR","$2,534",2,1,1,0
1475,"Kuri","$2,526",0,0,0,0
1475,"Domas","$2,517",2,1,1,0
1477,"Balkhan","$2,512",1,0,0,0
1478,"viviD","$2,506",3,5,1,1
1479,"Arnax","$2,505",1,1,0,0
1480,"Paolocannone","$2,500",0,0,2,0
1481,"Zwyroo","$2,482",0,1,2,0
1482,"Madly","$2,481",1,1,1,0
1483,"DarkSide","$2,480",0,1,0,0
1484,"EGym","$2,460",1,4,0,0
1485,"Praelus","$2,459",1,0,0,0
1486,"Bisbo","$2,456",1,0,0,0
1487,"Yoon","$2,450",0,1,0,0
1488,"Ic0nic","$2,450",2,1,2,0
1489,"Xavieles","$2,448",1,2,1,0
1490,"Pepiinero","$2,443",1,0,0,0
1491,"JF","$2,433",0,1,0,0
1492,"Robba","$2,430",2,2,1,0
1493,"ShLaYa","$2,409",0,0,0,0
1494,"Lautemortis","$2,400",0,0,0,0
1495,"InKos","$2,390",1,1,1,0
1496,"NooB","$2,387",5,2,1,0
1497,"Supa","$2,383",0,2,0,0
1498,"Yusin","$2,382",0,0,1,0
1499,"Leodaras","$2,381",2,0,0,0
1500,"Spawn","$2,380",1,0,0,0
1501,"APA","$1,442",0,2,1,0
1502,"Fallen","$1,438",2,0,0,0
1503,"DahVys","$1,436",1,0,0,0
1504,"Igloo","$1,435",0,1,0,0
1505,"Librid","$1,431",2,0,0,0
1505,"Rawbin","$1,431",3,1,1,0
1507,"GoldenTo4st","$1,422",0,1,0,0
1508,"Orre","$1,417",1,1,0,0
1509,"WildPanda","$1,414",0,2,0,0
1509,"Octomalus","$1,414",1,1,0,0
1511,"St1ng","$1,412",0,0,1,0
1512,"Dinka","$1,410",1,0,1,0
1513,"Gimliques","$1,409",0,0,0,0
1514,"Paladin","$1,402",0,0,1,0
1515,"Gear","$1,400",0,0,0,0
1515,"Yursan","$1,400",0,0,1,0
1515,"GodKwai","$1,400",1,0,0,0
1515,"JimieN","$1,400",0,0,0,0
1519,"JeppeHou","$1,384",1,3,0,0
1520,"WooFe","$1,375",0,2,1,0
1521,"Aesenar","$1,368",0,1,0,0
1521,"Flakked","$1,368",0,0,0,0
1523,"Findus","$1,363",0,1,1,0
1524,"Dred","$1,362",1,1,3,0
1525,"Snuggli","$1,337",0,0,1,0
1526,"Tyrin","$1,322",0,0,1,0
1527,"Shaoran","$1,304",0,0,0,0
1527,"Chibs","$1,304",0,3,6,0
1529,"Mersa","$1,302",1,0,0,0
1530,"HaRleLuYaR","$1,300",0,0,0,0
1530,"Knighter","$1,300",1,0,0,0
1530,"Do1u1u","$1,300",0,0,0,0
1533,"ZombieKungen","$1,292",1,0,0,0
1534,"KRP","$1,289",0,1,1,0
1535,"Froggy","$1,286",0,0,0,0
1536,"Speedy","$1,264",0,2,0,0
1537,"Lotus","$1,263",1,0,0,0
1538,"Bean","$1,258",1,0,1,0
1539,"Frappii","$1,252",0,3,0,0
1539,"Wylenz","$1,252",0,6,0,0
1541,"Robba","$1,248",0,2,1,0
1542,"Eign","$1,247",2,0,0,0
1542,"Peach","$1,247",2,0,0,0
1544,"Wolf","$1,236",1,2,0,0
1545,"Bushy","$1,235",2,0,0,0
1546,"PiOk","$1,230",1,2,0,0
1547,"Rocklho","$1,229",1,1,0,0
1548,"Meager","$1,225",0,1,1,0
1549,"Vizility","$1,217",0,1,0,0
1550,"Bobo","$1,215",0,0,1,0
1551,"Rx Dye","$1,201",0,1,1,0
1552,"Kobe","$1,200",1,0,0,0
1552,"Lesmart","$1,200",2,0,0,0
1552,"EquivocaL","$1,200",0,0,0,0
1552,"BarneyD","$1,200",0,0,1,0
1556,"Xyraz","$1,198",1,1,1,0
1556,"D4nKa","$1,198",0,0,0,0
1558,"ottovaG","$1,190",4,0,1,0
1559,"Canee","$1,189",0,0,0,0
1560,"Warden","$1,184",0,0,1,0
1561,"Kanji","$1,183",0,0,2,0
1562,"Click","$1,182",2,1,0,0
1563,"Silas","$1,160",0,1,1,0
1564,"Jaunatis","$1,158",1,1,0,0
1565,"JeongHoon","$1,157",0,0,0,0
1565,"Slugger","$1,157",0,0,0,0
1565,"Shark","$1,157",0,0,0,0
1568,"H4cker","$1,151",0,0,1,0
1569,"Kind","$1,150",1,0,1,0
1570,"Stratospanda","$1,146",1,1,0,0
1571,"Mewkyo","$1,143",0,0,0,0
1572,"Fittle","$1,141",0,1,0,0
1573,"Shiro","$1,120",1,1,0,0
1573,"Mist","$1,120",1,1,0,0
1573,"Tomio","$1,120",1,2,0,0
1573,"Srtty","$1,120",1,1,0,0
1573,"Aspect","$1,120",1,1,0,0
1578,"Spontexx","$1,119",1,0,0,0
1579,"Saitam","$1,118",0,0,2,0
1580,"KOOLBERG","$1,117",0,2,1,0
1581,"Zelt","$1,115",3,1,0,0
1582,"AndyBendy","$1,110",0,1,3,0
1583,"Zappy","$1,100",0,0,1,0
1584,"Endz","$1,099",4,1,1,0
1585,"Comet","$1,081",0,0,0,0
1585,"Fax","$1,081",0,1,0,0
1587,"Lingwi","$1,072",0,1,0,0
1588,"Prelude","$1,067",0,0,1,0
1589,"Diplex","$1,063",1,0,0,0
1590,"Dedrayon","$1,060",0,0,0,0
1591,"Malice","$1,052",0,0,0,0
1592,"Unforgiven","$1,046",0,0,1,0
1592,"Hoglet","$1,046",0,1,1,0
1592,"Symphony","$1,046",0,0,0,0
1595,"Eden Fox","$1,019",0,1,1,0
1596,"Last","$1,016",0,0,0,0
1596,"Mask","$1,016",0,0,0,0
1598,"Juves","$1,014",0,0,2,0
1599,"Young","$1,010",0,0,2,0
1600,"Freshx","$1,000",2,0,0,0
1600,"Aquasonic","$1,000",4,0,0,0
1600,"Charca","$1,000",1,1,0,0
1600,"Midbeast","$1,000",0,1,0,0
1600,"TopLop","$1,000",2,0,0,0
1605,"KemKen","$989",1,0,0,0
1606,"Creon","$986",0,0,2,0
1607,"Jun","$981",1,0,0,0
1608,"Meleks","$980",0,0,1,0
1609,"I am Kees","$936",1,0,1,0
1610,"Homi","$932",0,3,0,0
1611,"StormFury","$920",0,0,0,0
1612,"Taeyoon","$910",1,0,0,0
1613,"Naxxy","$905",0,3,1,0
1614,"Delight","$901",1,0,0,0
1615,"Catjug","$900",0,0,0,0
1615,"Instinct","$900",0,0,0,0
1615,"Tony Top","$900",0,1,0,0
1618,"Phantomles","$894",3,0,0,0
1619,"KonDziSan","$890",0,1,1,0
1620,"Enty","$884",1,3,6,1
1621,"Ploxy","$882",3,2,0,0
1622,"Raizins","$871",0,1,1,0
1623,"Bardo","$867",0,0,2,0
1624,"Lewus","$866",0,0,0,0
1625,"Aomine","$861",0,0,0,0
1626,"Cao","$860",0,0,1,0
1627,"Cacon","$858",0,0,0,0
1628,"Glory","$857",0,0,0,0
1628,"Draktharr","$857",0,0,0,0
1628,"Vahvel","$857",0,0,0,0
1628,"Elio","$857",0,0,0,0
1632,"Oner","$856",2,2,0,0
1633,"Raven","$852",0,0,1,0
1634,"Helper","$848",0,0,0,0
1634,"KongMing","$848",1,2,0,0
1636,"Dragflick","$844",0,1,1,0
1637,"Fl4mer","$835",3,0,0,0
1638,"Cody","$833",1,0,1,0
1638,"Xypherz","$833",0,0,0,0
1640,"DarkSide","$816",0,1,0,0
1641,"Tibor","$808",2,0,0,0
1642,"Barrage","$807",1,1,1,0
1642,"Dawidsonek","$807",0,0,0,0
1644,"Meron","$804",2,3,0,0
1644,"SimSin","$804",1,0,0,0
1644,"A M U S E 4","$804",1,1,0,0
1647,"RoseThorn","$800",1,0,1,0
1647,"Jukes","$800",0,0,0,0
1647,"Yusui","$800",0,0,0,0
1647,"Johnsun","$800",0,0,0,0
1647,"Rex","$800",0,0,0,0
1647,"Gariaru","$800",0,1,2,0
1647,"apaMEN","$800",1,3,5,1
1647,"Jenkins","$800",1,0,0,0
1655,"Metalx","$799",0,0,1,0
1656,"Valhalla","$779",0,0,0,0
1657,"Pak","$773",0,2,0,0
1657,"Jakamaka","$773",0,0,0,0
1659,"Luger","$762",1,2,1,0
1659,"Hioss","$762",0,1,0,0
1661,"Rein","$759",0,0,0,0
1662,"BB Muffin","$757",1,0,0,0
1663,"ItzRenifer","$746",0,0,0,0
1664,"Dany","$720",0,1,0,0
1665,"Governor","$717",0,1,1,0
1666,"Shmebulock","$711",0,0,0,0
1667,"Advienne","$709",0,0,0,0
1668,"Sly","$702",0,1,0,0
1668,"Chalice7","$702",0,1,0,0
1668,"Meng","$702",0,1,0,0
1668,"Mish","$702",0,1,0,0
1668,"Pain","$702",0,1,0,0
1673,"Mirbs","$701",1,0,1,0
1674,"Consequent","$694",1,2,1,0
1675,"Gorica","$692",0,1,1,0
1676,"BeBopBulli","$689",0,1,0,0
1677,"Enga","$680",2,1,0,0
1678,"ChangeName","$677",0,1,0,0
1678,"Yusin","$677",0,0,0,0
1680,"Psclly","$674",0,1,2,0
1681,"Miracle","$672",0,0,0,0
1681,"Soul","$672",0,0,0,0
1681,"Argonavt","$672",0,0,0,0
1681,"MyKey","$672",0,0,0,0
1681,"Laynel","$672",0,1,0,0
1686,"FeeNiixZ","$659",0,1,0,0
1687,"Woong","$652",0,1,0,0
1688,"Gricek","$648",0,0,0,0
1689,"Boal","$647",0,0,0,0
1690,"Mayhem","$644",0,1,0,0
1691,"Style","$643",0,0,0,0
1692,"Trap","$640",0,0,0,0
1693,"Korpse","$639",1,0,0,0
1693,"Rare","$639",1,0,0,0
1695,"DnDn","$617",0,1,1,0
1695,"Sylvie","$617",0,1,1,0
1695,"vvarion","$617",0,0,0,0
1695,"FIESTA","$617",0,1,1,0
1699,"Speedo","$610",0,0,0,0
1700,"YourRiver","$600",0,0,0,0
1700,"WeiLun","$600",0,0,0,0
1700,"chen9","$600",0,1,0,0
1700,"Kusuo","$600",0,0,0,0
1700,"Bush","$600",0,0,0,0
1705,"Straight","$584",0,1,0,0
1706,"Kanna","$582",1,0,0,0
1707,"Ardes","$568",0,1,0,0
1708,"Crazycaps","$558",0,0,0,0
1709,"Bull","$546",0,1,0,0
1710,"Vayu","$542",1,0,0,0
1711,"Crowno","$541",0,0,0,0
1712,"Barcode","$538",0,0,0,0
1713,"BetongJocke","$535",0,0,0,0
1714,"Dasher","$534",0,1,0,0
1714,"OdduGi","$534",0,0,0,0
1714,"Muru","$534",1,0,0,0
1714,"Howling","$534",1,0,0,0
1714,"TolanD","$534",1,0,0,0
1719,"Bendix","$530",0,1,1,0
1720,"DarkWings","$528",0,0,1,0
1721,"Zwyroo","$522",0,0,2,0
1722,"Safir","$521",0,0,0,0
1723,"Focus","$510",1,0,0,0
1723,"Wixxi","$510",0,0,0,0
1723,"gyuvee","$510",2,0,0,0
1726,"Harp","$508",0,0,0,0
1726,"Jool","$508",0,0,0,0
1726,"Bini","$508",0,0,0,0
1729,"Bartiono","$507",0,0,0,0
1730,"Roamer","$506",1,2,0,0
1731,"Zeypher","$500",0,4,0,0
1731,"BeNw","$500",0,0,0,0
1731,"Betsy","$500",0,0,0,0
1734,"Qwacker","$485",1,1,0,0
1735,"Skeeto","$480",2,1,1,0
1736,"ThintoN","$471",0,0,3,0
1737,"PFI","$463",0,1,1,0
1738,"POILK","$453",0,1,0,0
1738,"Shine","$453",1,0,0,0
1738,"Denzel","$453",0,1,0,0
1741,"Fizzi","$450",0,0,0,0
1742,"Dipzey","$448",0,2,0,0
1743,"Kiao","$446",3,2,1,0
1743,"Rowelly","$446",3,2,1,0
1745,"SunSieu","$440",0,0,0,0
1746,"MeLikePanda","$430",0,1,1,0
1747,"Nasser","$421",0,1,1,0
1748,"Nomi","$420",0,2,0,0
1749,"Jonsonny","$416",0,2,1,0
1750,"CptShrimps","$410",0,0,2,0
1751,"Witsyy","$409",0,1,0,0
1751,"Stanniez","$409",0,1,0,0
1751,"Mafab","$409",0,1,0,0
1751,"AlphaCloud","$409",0,1,0,0
1755,"LagsAlot","$402",0,0,0,0
1755,"Beenie","$402",0,0,0,0
1757,"Raheen","$400",0,0,1,0
1757,"Dodo","$400",0,0,0,0
1757,"Rhino","$400",0,0,1,0
1757,"RBM","$400",0,0,1,0
1757,"Maplestreet","$400",0,0,0,0
1757,"Phantoml0rd","$400",0,0,0,0
1763,"Lakinther","$397",1,0,0,0
1764,"Alexx","$395",1,0,0,0
1765,"Seb","$389",0,0,0,0
1766,"Recap","$387",0,0,0,0
1766,"Haretti","$387",1,1,2,1
1766,"alleycat","$387",0,0,1,0
1769,"Spawn","$380",0,0,0,0
1769,"Busio","$380",0,0,0,0
1771,"Cathrine","$369",1,1,0,0
1772,"YamatoCannon","$360",0,0,0,0
1773,"Eragon","$359",0,0,0,0
1774,"Blaise","$357",0,0,0,0
1775,"Kamil","$352",0,2,0,0
1776,"Fisher","$350",1,0,0,0
1776,"Zeus","$350",1,1,0,0
1776,"AMOUR FAYA","$350",0,0,0,0
1779,"Athyz","$340",1,0,0,0
1780,"Hachiman","$332",0,0,0,0
1781,"Adam","$325",1,0,2,0
1781,"Naruterador","$325",0,1,0,0
1783,"Panda","$320",1,0,0,0
1784,"Luana","$319",0,3,0,0
1785,"cowTard","$313",0,1,0,0
1786,"FlashInTheNight","$295",0,0,0,0
1787,"Hidan","$283",0,0,0,0
1788,"Travanques","$275",0,1,3,0
1789,"Haze","$269",0,1,0,0
1790,"ToongE","$267",0,1,0,0
1791,"Burry","$264",0,1,0,0
1791,"MapSSi","$264",0,1,0,0
1791,"BAeKHo","$264",0,1,0,0
1794,"Ksaez","$254",0,0,1,0
1795,"Dracxar","$250",0,1,0,0
1795,"Sheepy","$250",0,0,0,0
1795,"Zzanggu","$250",0,1,0,0
1795,"Belgianbeast","$250",0,0,0,0
1795,"Merit","$250",0,1,0,0
1795,"Gaaloul","$250",0,0,0,0
1801,"Meaning","$248",0,1,0,0
1802,"KuMaMoTo","$233",0,0,0,0
1803,"Nigelf","$232",0,0,0,0
1804,"Moo","$230",0,0,0,0
1805,"Azra","$222",1,0,0,0
1805,"Blacky","$222",0,0,0,0
1807,"RotteBengi","$218",0,0,1,0
1807,"Carlsen","$218",0,0,1,0
1807,"Rylle","$218",0,0,1,0
1807,"Mixsi","$218",0,0,1,0
1811,"Imbi","$205",0,0,0,0
1812,"Swordd","$200",0,0,0,0
1812,"Gralou","$200",0,2,0,0
1812,"Akabuff","$200",0,0,0,0
1815,"Lunar","$195",0,0,0,0
1816,"Froststrike","$180",0,1,0,0
1816,"Follow","$180",2,0,0,0
1818,"Madly","$179",0,1,1,0
1819,"BuLLDoG","$177",0,1,0,0
1820,"Zerost","$168",1,2,1,0
1820,"Awaker","$168",0,1,1,0
1820,"Jinsh","$168",0,0,1,0
1823,"HW4NG","$161",0,1,0,0
1824,"Ruvelius","$160",1,0,1,0
1825,"Boukada","$149",0,0,1,0
1826,"Crit Hero","$136",0,0,0,0
1826,"Jhinsane","$136",0,0,0,0
1826,"Soulah","$136",0,0,0,0
1829,"Arrietty","$130",1,0,0,0
1829,"Bean J","$130",1,0,0,0
1829,"Reversed","$130",0,0,0,0
1829,"Taki","$130",1,0,0,0
1833,"breezyyy","$128",0,0,0,0
1834,"Crocomux","$119",0,0,0,0
1835,"CyraXx","$118",0,0,0,0
1835,"Praevius","$118",0,0,1,0
1835,"Mercenary","$118",0,0,0,0
1835,"Jenxas","$118",0,0,0,0
1839,"Skain","$116",0,0,0,0
1840,"Axecitement","$114",0,0,1,0
1840,"BoffeN","$114",0,1,0,0
1842,"Exyu","$100",0,0,0,0
1842,"Zaphyr","$100",0,1,0,0
1844,"Cozy","$80",0,0,0,0
1845,"HongA","$71",0,0,1,0
1845,"Blessing","$71",0,0,1,0
1847,"Veignorem","$68",1,0,0,0
1847,"sLiM5h4dY","$68",0,1,0,0
1849,"TheKat","$54",0,0,0,0
1849,"Saizo","$54",0,0,0,0
1851,"Unlimited","$46",0,0,0,0
1852,"Pjush","$45",1,0,0,0
1852,"Ravea","$45",1,0,0,0
1852,"Naelynn","$45",1,0,0,0
2001,"Drop","$489",0,0,0,0
2002,"Dehaste","$488",1,3,0,0
2003,"Lunddorf","$477",0,2,0,0
2003,"Scuro","$477",0,0,0,0
2005,"Harumi","$473",0,0,0,0
2006,"ThintoN","$471",0,0,3,0
2007,"Galben","$468",0,0,0,0
2008,"Grevthar","$467",1,0,0,0
2009,"Cacah","$466",1,0,0,0
2010,"PFI","$462",0,1,1,0
2011,"Jean Mago","$457",1,1,0,0
2012,"Denzel","$453",0,1,0,0
2012,"POILK","$453",0,1,0,0
2014,"Fizzi","$450",0,0,0,0
2015,"Dipzey","$449",0,2,0,0
2016,"SunSieu","$448",0,0,0,0
2016,"Kiao","$448",3,2,1,0
2016,"Rowelly","$448",3,2,1,0
2019,"Mirmoooo","$437",0,0,1,0
2020,"Julbu","$436",1,0,0,0
2021,"Elusion","$434",0,0,0,0
2022,"Aziado","$431",2,1,0,0
2023,"MeLikePanda","$428",0,1,2,0
2024,"Reversed","$426",0,0,0,0
2025,"Nomi","$422",0,2,0,0
2025,"Nasser","$422",0,1,1,0
2027,"Jonsonny","$420",0,2,1,0
2027,"Gralou","$420",0,2,0,0
2029,"griff","$414",0,1,0,0
2029,"AcceZ","$414",0,1,0,0
2031,"Motroco","$412",0,0,0,0
2032,"Witsyy","$411",0,1,0,0
2032,"AlphaCloud","$411",0,1,0,0
2032,"Mafab","$411",0,1,0,0
2032,"Stanniez","$411",0,1,0,0
2036,"CptShrimps","$410",0,1,2,0
2037,"LagsAlot","$401",0,0,0,0
2038,"Cresho","$400",0,0,0,0
2038,"TeamLuke","$400",0,0,0,0
2038,"KASAPINA","$400",0,1,0,0
2038,"Dodo","$400",0,0,0,0
2038,"Phantoml0rd","$400",0,0,0,0
2038,"Zihan","$400",0,0,0,0
2038,"Maplestreet","$400",0,0,0,0
2038,"Xeno","$400",0,0,0,0
2038,"Takeover","$400",0,1,1,0
2047,"Lakinther","$399",1,0,0,0
2048,"Rhobalas","$398",1,0,0,0
2049,"Jhinsane","$395",0,0,0,0
2050,"Alexx","$392",1,0,0,0
2050,"Noma","$392",1,2,2,0
2052,"Seb","$389",0,0,0,0
2053,"Haretti","$387",1,1,2,1
2053,"alleycat","$387",0,0,1,0
2053,"Recap","$387",0,1,1,0
2056,"Carlsen","$383",0,0,1,0
2056,"Rylle","$383",0,0,1,0
2056,"RotteBengi","$383",0,0,1,0
2056,"Mixsi","$383",0,0,1,0
2060,"Cathrine","$369",1,1,0,0
2061,"YamatoCannon","$360",0,0,0,0
2062,"Blaise","$357",0,0,0,0
2063,"Cavalo","$353",0,0,0,0
2063,"Disamis","$353",0,0,0,0
2063,"Ravenzin","$353",0,0,0,0
2063,"Yupps","$353",0,0,0,0
2067,"AMOUR FAYA","$351",0,0,0,0
2067,"Kamil","$351",0,2,0,0
2067,"Taara","$351",0,0,0,0
2070,"Fisher","$350",1,0,0,0
2071,"Neephesto","$347",0,0,0,0
2072,"Mido","$343",0,1,0,0
2073,"Athyz","$340",1,0,0,0
2074,"Poppy","$339",0,0,0,0
2075,"Hachiman","$333",0,0,0,0
2076,"Infoneral","$329",0,0,1,0
2076,"OMON","$329",0,0,1,0
2076,"Emiw","$329",0,0,1,0
2076,"Joep","$329",0,0,1,0
2080,"Redentor","$328",0,0,0,0
2081,"Luana","$325",0,3,0,0
2082,"Naruterador","$324",0,1,0,0
2083,"cowTard","$314",0,1,0,0
2084,"FlashInTheNight","$301",0,0,0,0
2085,"Sky0","$283",0,2,0,0
2086,"Zaphyr","$280",0,1,0,0
2087,"Zeussak","$276",0,1,2,0
2088,"Travanques","$275",0,1,3,0
2089,"Haze","$269",0,1,0,0
2090,"ToongE","$267",0,1,0,0
2091,"Burry","$264",0,1,0,0
2091,"BAeKHo","$264",0,1,0,0
2091,"MapSSi","$264",0,1,0,0
2094,"Hugato","$261",0,0,0,0
2094,"Piwek","$261",0,0,0,0
2096,"Aithusa","$260",1,0,0,0
2097,"Gaboesh","$258",0,0,0,0
2097,"Vitin","$258",0,0,0,0
2097,"FENZ1","$258",0,0,0,0
2097,"Brance","$258",1,0,0,0
2097,"S1d","$258",0,1,0,0
2102,"Ksaez","$254",0,0,1,0
2103,"Dracxar","$251",0,1,0,0
2103,"Zzanggu","$251",0,1,0,0
2103,"Merit","$251",0,1,0,0
2106,"Sheepy","$250",0,0,0,0
2106,"Gaaloul","$250",0,0,0,0
2106,"Belgianbeast","$250",0,0,0,0
2109,"Meaning","$248",0,1,0,0
2110,"Divider","$238",0,1,0,0
2111,"Teh","$236",0,0,0,0
2111,"Sufleks","$236",0,0,0,0
2113,"Silk","$234",0,0,0,0
2114,"KuMaMoTo","$232",0,0,0,0
2115,"Nigelf","$231",0,0,0,0
2116,"Moo","$230",0,0,0,0
2117,"Telas","$229",0,0,0,0
2118,"F4rg","$226",0,1,3,0
2119,"Azra","$222",1,0,0,0
2120,"MrFreezed","$221",0,0,0,0
2120,"Warizar","$221",0,0,0,0
2122,"Imbi","$206",0,0,0,0
2123,"Akabuff","$200",0,0,0,0
2124,"Rainbrain","$184",0,1,0,0
2124,"cogcog","$184",0,2,0,0
2126,"Defflok","$183",0,0,1,0
2127,"Cozy","$180",0,0,0,0
2128,"Follow","$179",4,1,0,0
2129,"WaenA","$178",0,2,1,0
2130,"theblindboy","$176",0,0,0,0
2131,"Zerost","$168",1,2,1,0
2131,"Jinsh","$168",0,0,1,0
2131,"Awaker","$168",0,1,1,0
2134,"MGX","$162",0,0,1,0
2135,"HW4NG","$161",0,1,0,0
2136,"Eclipse","$160",0,0,0,0
2137,"Boukada","$150",0,0,1,0
2138,"Titeito","$148",0,0,0,0
2138,"Stankie","$148",0,0,0,0
2140,"Reedfoo","$139",0,0,1,0
2141,"Soulah","$137",0,0,0,0
2141,"Crit Hero","$137",0,0,0,0
2143,"sorahed","$133",0,0,0,0
2144,"breezyyy","$128",0,1,0,0
2144,"Ino1","$128",0,0,0,0
2146,"Praevius","$118",0,1,1,0
2146,"Crocomux","$118",0,0,0,0
2148,"Nixerino","$116",0,0,0,0
2148,"Skain","$116",0,0,0,0
2150,"BoffeN","$114",0,1,0,0
2150,"Axecitement","$114",0,0,1,0
2152,"Infinity","$112",1,0,0,0
2152,"Small","$112",0,0,0,0
2152,"Lawi","$112",0,0,0,0
2155,"Kortini","$109",0,0,0,0
2155,"Eric","$109",0,0,0,0
2157,"Exyu","$100",0,1,0,0
2158,"Ari","$76",0,0,0,0
2158,"Guigs","$76",0,0,0,0
2160,"Yatsu","$74",0,0,0,0
2160,"Hanor","$74",0,0,0,0
2162,"Blessing","$71",0,0,1,0
2162,"HongA","$71",0,0,1,0
2164,"sLiM5h4dY","$68",0,1,0,0
2165,"Typical","$59",0,0,0,0
2165,"Kourosh","$59",0,0,0,0
2165,"WildStars","$59",0,0,0,0
2168,"Saizo","$54",0,0,0,0
2168,"TheKat","$54",0,0,0,0
2170,"Kio","$46",0,0,0,0
2170,"Mazurr","$46",0,0,0,0
2170,"Ravea","$46",1,0,0,0
2170,"Unlimited","$46",0,0,0,0
2170,"Naelynn","$46",1,0,0,0
2170,"Pjush","$46",1,0,0,0
2176,"VISAO","$38",0,0,0,0
2176,"Marfz","$38",0,1,0,0
